PC1	PC2	country	westernization
-0.07848779019158549	-0.1472158037345949	MDG	NW
-0.21146162675404914	-0.16746008179514485	MDG	NW
-0.23815384741408074	-0.04575999107667132	MDG	NW
-0.32240730313984195	-0.07137709081238426	MDG	NW
-0.31127165109209015	-0.007285595635522262	MDG	NW
-0.19113005699532482	-0.1493338714081094	MDG	NW
-0.324053272092637	0.3607906118715883	MDG	NW
-0.11067631396080073	-0.1609995880869811	MDG	NW
-0.17959211699245653	-0.29471330707350446	MDG	NW
-0.16686815021786436	-0.18943349039133606	MDG	NW
-0.10740867877109539	-0.21791826454698623	MDG	NW
-0.15802484045508797	-0.13613646022955322	MDG	NW
-0.19595127414085609	-0.200406168963758	MDG	NW
-0.09104820734671758	-0.16840459670434546	MDG	NW
-0.1737357120553251	-0.10784889873780885	MDG	NW
-0.29414309719930937	-0.10311799098751642	MDG	NW
-0.10733932320691071	-0.17106877234172374	MDG	NW
0.010288286041751877	-0.06409664370544989	MDG	NW
-0.11473420872214603	-0.1923919911390159	MDG	NW
-0.22818480421355056	-0.07820643226172339	MDG	NW
-0.212921613446604	0.12553926159067155	MDG	NW
-0.14471256868356902	-0.0155232206106443	MDG	NW
-0.09780991507542142	-0.20042432234741162	MDG	NW
-0.15076186021663077	-0.15265921704009877	MDG	NW
-0.16023204663063598	-0.03710695399163466	MDG	NW
-0.26187362248422175	-0.02928865087862458	MDG	NW
-0.09288873478937752	-0.15709035164399557	MDG	NW
-0.15483299878832354	-0.23254367558082975	MDG	NW
-0.034939324827256084	-0.1340085449437261	MDG	NW
-0.22160005346135486	-0.23740349625275475	MDG	NW
-0.2787693341387903	-0.06086526257528229	MDG	NW
-0.15295524005575442	-0.2287665409888458	MDG	NW
-0.25667239709901823	0.10462909635686396	MDG	NW
-0.23919800805899444	-0.20332497935786914	MDG	NW
-0.36041155245150475	0.0687981586784591	MDG	NW
-0.1430092060438639	-0.2235085341122511	MDG	NW
-0.14403786900540091	-0.2518108271676832	MDG	NW
-0.07514023823132213	-0.16178126230163614	MDG	NW
-0.14300282726246716	-0.21683747360851724	MDG	NW
-0.19701433421148765	-0.10514275133238743	MDG	NW
-0.19845642014792458	-0.15297575847541403	MDG	NW
-0.31221097680247856	0.03280044616876191	MDG	NW
-0.11616322492511627	-0.17957225963901075	MDG	NW
-0.3576049189305383	-0.005616225897665662	MDG	NW
-0.25613847014720265	-0.01604328402220328	MDG	NW
-0.1428962106883495	-0.24997144627159576	MDG	NW
-0.13722386136856074	-0.17638924130499467	MDG	NW
-0.06863780485785452	-0.21174522727263526	MDG	NW
-0.21210286607412035	-0.19744674373559645	MDG	NW
-0.1518058557004466	-0.19405427545133055	MDG	NW
-0.3232212724455946	0.1419688339944323	MDG	NW
-0.14264941394444483	-0.15487960228621409	MDG	NW
-0.28390963850835443	-0.12360654870170333	MDG	NW
0.155135234113454	-0.07434622333326614	MDG	NW
-0.005664270142863608	-0.14810329423202562	MDG	NW
-0.24553063436503753	-0.15071434413305923	MDG	NW
0.1675218197939038	-0.09592175816504897	MDG	NW
-0.0856109595173838	-0.13960886676146692	MDG	NW
-0.2555285979775531	-0.109007266782245	MDG	NW
-0.15671193356641278	-0.19259680748777677	MDG	NW
-0.13596604890691197	-0.16772377828490176	MDG	NW
-0.1434191994060036	-0.15064130518299115	MDG	NW
0.05105084969602582	-0.10869520139023653	MDG	NW
-0.004717139652650478	-0.15168645693418342	MDG	NW
-0.042612997631626376	-0.05719486379129651	MDG	NW
-0.1452460135804854	-0.028220500905341773	MDG	NW
-0.3224396015485482	0.029826551984169825	MDG	NW
-0.20392545116070923	-0.1837078180821805	MDG	NW
-0.2502066161476169	0.04969307615287046	MDG	NW
-0.35713715161424914	-0.059553648923799433	MDG	NW
-0.21481888603249802	-0.17632151888755243	MDG	NW
-0.19377569759130778	-0.1529386621468477	MDG	NW
-0.15902473283672044	-0.12727869184846274	MDG	NW
-0.16574896267019182	-0.26552736244680003	MDG	NW
-0.15760979921902485	-0.1817724744719606	MDG	NW
-0.2521345217350341	-0.15682532394100562	MDG	NW
-0.12264347521670772	-0.21618216728766027	MDG	NW
-0.08942821306678014	-0.22102301225514762	MDG	NW
-0.30541729444330934	0.05109198494494323	MDG	NW
-0.1198755140366007	-0.27253411296800545	MDG	NW
-0.22728736513917075	-0.16786867815384068	MDG	NW
-0.1744609726059956	-0.1628371930077513	MDG	NW
-0.22919907458503772	-0.09809727475266877	MDG	NW
-0.1994081623556042	-0.17662769420054972	MDG	NW
-0.13080817203981124	-0.2603282596026767	MDG	NW
-0.1191702094748202	0.0323801349229831	MDG	NW
-0.0902871462836575	-0.24249734191109334	MDG	NW
-0.15653928312419954	-0.19718004528593455	MDG	NW
-0.33392312526294277	0.14491798240335638	MDG	NW
-0.21034661423046813	-0.11416420225434185	MDG	NW
-0.28977429939929283	-0.024433907258261132	MDG	NW
-0.16227945470733546	-0.13570376758915967	MDG	NW
-0.01745041051472332	-0.013598459009439711	TZA	NW
-0.24587700716526364	0.042775420694905	TZA	NW
-0.33992232150302387	-0.04351330315484941	GHA	NW
-0.3082942920857682	-0.14113681253647503	TZA	NW
-0.2030728277904688	0.07558688262546912	GHA	NW
-0.3701632182726964	0.06449589962095258	GHA	NW
-0.33147870353451464	0.05089707824081405	GHA	NW
-0.18826750703105602	-0.11449670763773602	GHA	NW
-0.3326957858134884	0.06290990727319468	GHA	NW
0.001652933217507758	-0.11857677670035988	GHA	NW
-0.00639461587761284	-0.16378032423622396	GHA	NW
-0.29385617696767385	-0.10792394537714955	GHA	NW
0.2141770091344234	-0.04595097986038622	GHA	NW
-0.2156779173608574	-0.03261520073644135	TZA	NW
-0.12298485672018791	-0.2542275344523689	TZA	NW
-0.17313149922762566	-0.10684356950335011	GHA	NW
0.21574995372863606	-0.015862253793210816	TZA	NW
-0.11029481559114193	0.376628018863332	TZA	NW
-0.22347259687331258	0.3103468038195411	GHA	NW
-0.03618943708794099	0.018357006786157565	GHA	NW
-0.19675094597064202	0.031227173744087768	TZA	NW
-0.256222584973625	0.010159566313490171	TZA	NW
-0.1976011071685956	0.03733770679217577	TZA	NW
-0.23233304977394756	-0.1755649307938918	TZA	NW
-0.29912438666122804	-0.1519098326527339	TZA	NW
-0.27816900072396755	-0.15876253519188988	TZA	NW
-0.3378441030867998	-0.050846978715117126	TZA	NW
-0.305653092436204	-0.08469061299141208	TZA	NW
-0.3815871354671079	-0.007315303652048992	GHA	NW
-0.22045593660089793	-0.16276397979765964	GHA	NW
0.016085998836011254	-0.05572146191813427	TZA	NW
-0.014383495021502522	-0.0483795352772869	TZA	NW
-0.34628549253027463	-0.03869768157801993	GHA	NW
-0.04891717664164726	0.022041998495980045	GHA	NW
0.14810106242230675	-0.007597592499793728	GHA	NW
-0.25814969349923333	0.02141103516844229	GHA	NW
0.19196727799380262	-0.0473709068733849	TZA	NW
0.1793830062713299	0.00805581374975219	TZA	NW
-0.31172267752150173	0.15012627641128265	TZA	NW
-0.3021722031024133	-0.07497546174779592	GHA	NW
-0.3059488346642404	-0.04352752213547173	GHA	NW
-0.23781581612636596	-0.10536843170011967	TZA	NW
-0.09915263698019343	-0.2466050659512162	GHA	NW
0.23465724771515656	0.03712327164513159	GHA	NW
0.04334376554920071	-0.13553419644197753	TZA	NW
-0.28709834671161166	0.06211893826106648	TZA	NW
-0.12053707194312316	-0.030110051686237888	TZA	NW
-0.338373324477117	-0.10274894675203809	TZA	NW
-0.3345682713092602	0.1852036020904858	TZA	NW
0.05370898356440047	0.04293889794632707	TZA	NW
-0.06580335726167708	-0.175585011316624	TZA	NW
-0.03502069429717916	-0.12041676633844108	TZA	NW
0.10513022973270672	-0.10965658876032892	TZA	NW
-0.24355185708280316	0.1751090169335565	TZA	NW
-0.36637927258924513	0.04893197203673169	TZA	NW
-0.3238939893047475	0.008987719167612882	TZA	NW
-0.07007957498338079	0.0388741090124822	TZA	NW
-0.3368888964652353	-0.10836087241105677	TZA	NW
-0.3271662315407497	0.01830599059315707	TZA	NW
-0.15736743947144705	-0.23173686123168005	ETH	NW
-0.2754211629170376	0.1910660206690067	ETH	NW
-0.2909979724409377	-0.09015198438713842	ETH	NW
-0.1930722400078976	-0.21826119706913444	ETH	NW
-0.241433634520745	-0.2291776694071612	ETH	NW
-0.16680606204910386	-0.2662667763389329	ETH	NW
-0.15530588811672894	-0.06524022225241141	ETH	NW
-0.31554634414844945	-0.013947154986500178	ETH	NW
-0.3147496085796713	-0.04493619073994118	ETH	NW
-0.22895535728574484	-0.17031846188053135	ETH	NW
-0.33881332623131355	0.07121388332258914	ETH	NW
-0.21697826702345033	-0.15705312427419488	ETH	NW
-0.20868632171893814	-0.15930519008974203	ETH	NW
-0.28837399440559036	0.32425848219440384	ETH	NW
-0.29612995584171636	-0.03167175597054321	ETH	NW
-0.13816381281977103	-0.05137004455882694	ETH	NW
-0.344571921097178	0.04713819364435483	ETH	NW
-0.10048773830746226	-0.11356288104871014	ETH	NW
-0.15873954833319978	-0.2043894967111457	ETH	NW
-0.17991060898938543	-0.2538236214227281	ETH	NW
-0.2513928160957941	-0.17214443171857025	ETH	NW
-0.3081007413450463	0.2842556316547995	ETH	NW
-0.22775598961207022	0.13366815680590613	ETH	NW
-0.17562839276647732	-0.18739503675543803	ETH	NW
-0.26581753374860756	-0.06286973756953296	TZA	NW
-0.2251328952099607	-0.14423222373702724	TZA	NW
-0.24533722035362532	-0.20257566548653047	TZA	NW
-0.21855485734380767	-0.2317421217386962	TZA	NW
-0.2715004665473162	0.036852542018707087	TZA	NW
-0.276712795394437	-0.11128320402878428	TZA	NW
-0.21659991605560597	-0.19900829597889227	TZA	NW
-0.22769553884828303	-0.1531285833979899	TZA	NW
-0.19655796311545312	-0.2372881975785347	TZA	NW
-0.3394669014237677	0.06368848896353059	TZA	NW
-0.2869821828328811	-0.11665341104303287	TZA	NW
-0.17028119771884478	-0.25885881773820485	TZA	NW
-0.19398121691833473	-0.22571973225443645	TZA	NW
-0.08942367605067181	-0.25926776268431784	TZA	NW
-0.22161542679983195	-0.14824053380023172	TZA	NW
-0.2721819449498984	-0.16624462800959597	TZA	NW
-0.14257602457764124	-0.2630670163102949	TZA	NW
-0.3409552347900743	0.060431160367912594	TZA	NW
-0.3297689156982859	0.19920957638915138	TZA	NW
-0.20146839736943145	-0.14240047257361338	TZA	NW
-0.20087839306826788	-0.1612427329391975	TZA	NW
-0.2804973951810358	-0.04787836322261632	FJI	NW
-0.08642549319368949	-0.23895484146120494	FJI	NW
-0.13801273195761488	-0.28434854332976145	FJI	NW
-0.2539694185932051	-0.2273087455100532	FJI	NW
-0.2705192565562622	-0.13722959253404293	FJI	NW
-0.33810509202410133	-0.05875713736342197	FJI	NW
-0.3403468619320022	0.2191614896941929	FJI	NW
-0.3506777182270334	0.0419923575772665	FJI	NW
-0.3898844056203707	0.08765235561986623	FJI	NW
-0.3807619205170437	0.030863844180681506	FJI	NW
-0.23152542110369473	-0.19949078744696874	FJI	NW
-0.18222323916682628	-0.2558538444663986	FJI	NW
-0.32825164701243786	0.0206960060796269	FJI	NW
-0.3584621133806854	0.036998654132174895	FJI	NW
-0.31639724750583226	-0.05485598252188019	FJI	NW
-0.3112530070410012	-0.07685050223432809	FJI	NW
-0.3796592204236526	0.2854661500590863	FJI	NW
-0.19016399566908657	-0.28046766761888575	FJI	NW
-0.1244793865383822	-0.2663211721185406	FJI	NW
-0.35113971261790206	0.10987479787307673	FJI	NW
-0.38640538179425105	0.030091660247234805	FJI	NW
-0.2584161754903223	-0.1971659576982376	FJI	NW
-0.3492066985723382	0.05966541181523235	FJI	NW
-0.30265066960928017	-0.16423977222320701	FJI	NW
-0.23430852386164316	-0.014200991299246317	FJI	NW
-0.33753370362462304	0.22858519111341477	FJI	NW
-0.3498927520110672	-0.027167352580610357	FJI	NW
-0.35023698399348685	0.021177172571285267	FJI	NW
-0.23135365499607097	0.32877128953534446	FJI	NW
-0.40052039746340073	0.09519058417634775	FJI	NW
-0.3873908379220199	0.18998398377440745	FJI	NW
-0.39260068024689027	0.14643135279513605	FJI	NW
-0.3627728209472594	0.20368309284184344	FJI	NW
-0.31504423502070955	0.02809372210982636	FJI	NW
-0.3171868959588212	-0.12272290611440705	FJI	NW
-0.3783082193301268	-0.0747788200164036	FJI	NW
-0.3240332425999071	-0.1618188188234338	FJI	NW
-0.2564248342025408	-0.18100702485850984	FJI	NW
-0.31123344780552553	0.15587434061051217	FJI	NW
-0.23047614826605167	-0.2162777882388195	FJI	NW
-0.3527744819785391	0.02976152627416364	FJI	NW
-0.11102227150130976	-0.2754667347307107	FJI	NW
-0.39451851898512796	0.1705622169198914	FJI	NW
-0.1714318163035967	-0.24205908256691833	FJI	NW
-0.3372315367732414	-0.07045297391514502	FJI	NW
-0.3879841935515052	-0.016560994107692347	FJI	NW
-0.33261472944082665	0.11591629771996181	FJI	NW
-0.27216288570086966	0.296225280109107	FJI	NW
-0.4145910547106874	0.08077644623131068	FJI	NW
-0.3476746189437888	0.28171864522220835	FJI	NW
-0.07284422124040436	-0.2665566266333924	TZA	NW
-0.07269788880034446	-0.19294797053263077	TZA	NW
-0.06870583120550199	-0.2190478549179744	TZA	NW
-0.00729713247637624	-0.21713638557803672	TZA	NW
-0.04019430145780758	-0.21359772722058656	TZA	NW
-0.1450774905299352	-0.20335446563022527	TZA	NW
-0.1853555770168848	-0.17873751067839824	TZA	NW
-0.2076309026417773	-0.21471686501272924	TZA	NW
-0.2489109191251118	-0.18913131508655465	TZA	NW
-0.14148879060794742	-0.18412192092339816	TZA	NW
-0.06419895045693874	-0.25245358887870256	TZA	NW
-0.014447551988498834	-0.22098147125591314	TZA	NW
-0.1574038786952366	-0.1279165032394183	TZA	NW
-0.2371118878847667	-0.127473837680917	TZA	NW
-0.2052195344537216	-0.1906728222298186	TZA	NW
-0.18874850429486345	-0.13337570459616357	TZA	NW
-0.07752087814476778	-0.2893586077402922	TZA	NW
-0.20274693911634967	-0.1449067062476614	TZA	NW
-0.12199377518141875	-0.14806922536710437	TZA	NW
-0.06995763660030098	-0.22739506987817742	TZA	NW
-0.15149630269363148	-0.1310176330644508	TZA	NW
-0.1795611675765552	-0.2253176893028398	TZA	NW
-0.28818551194602915	0.15989096660109325	TZA	NW
-0.11680291699950865	-0.3017892462741421	TZA	NW
-0.13079575353503348	-0.2330349273541842	TZA	NW
-0.31607286428046866	0.06962402815716318	TZA	NW
-0.28696059770267823	0.15055702914871869	TZA	NW
-0.04875515665700073	-0.20899333686640517	TZA	NW
-0.004483421449950344	-0.18361589347428647	TZA	NW
-0.27758325721553917	-0.08351635887104382	TZA	NW
-0.02401068666442668	-0.20910595463587597	TZA	NW
-0.2649190148358895	0.002335564826613806	TZA	NW
-0.1030359094670806	-0.16178965462600417	MDG	NW
-0.1470562972021603	-0.17811062937351957	MDG	NW
-0.14531453578097211	-0.24522547262778688	MDG	NW
-0.15480771143785227	-0.24828486772799185	MDG	NW
-0.33082922903278833	0.05440181951146876	MDG	NW
-0.15154509609015954	-0.23891059424344846	MDG	NW
-0.19191984764117634	0.1508391164400364	MDG	NW
-0.13922239052682084	-0.13914548476817504	MDG	NW
-0.29847123511656964	0.04231071342475265	MDG	NW
-0.09646616254740635	-0.21797492433597013	MDG	NW
-0.1871265210992286	-0.22147158828879057	MDG	NW
-0.20754344091924232	-0.16634516932453547	MDG	NW
-0.09317233942980066	-0.15580074399245442	MDG	NW
-0.17956410293929048	-0.13177797558290477	MDG	NW
-0.0538294905154357	-0.13260844634587415	MDG	NW
-0.2737011135023986	-0.1786940983117745	MDG	NW
-0.029881797548645422	-0.2000277824294677	MDG	NW
-0.1599147886159048	-0.13125469837731354	MDG	NW
-0.12668843085070125	-0.18349751911715165	FJI	NW
0.22092472711526626	0.007287875505768777	FJI	NW
-0.334528929028206	0.2668114795274077	FJI	NW
-0.29817111387372863	0.2726431455246867	FJI	NW
-0.3564442852573589	-0.05699514735841237	FJI	NW
-0.25022230837862364	-0.19986277365469599	FJI	NW
-0.22617892614369264	0.32169236100947635	FJI	NW
-0.4194316135547213	0.07363517474660791	FJI	NW
-0.2691679396065009	-0.17103937176378758	FJI	NW
-0.3705859451076106	-0.014787573490732455	FJI	NW
-0.23310137881541748	0.0974578493521057	FJI	NW
-0.3525783419112288	-0.058625905427816	FJI	NW
-0.3255862267137698	-0.09312342684396947	FJI	NW
-0.24845741087112413	0.29982742249640154	FJI	NW
-0.3609351999815984	0.03220989476948421	FJI	NW
-0.36082821461551146	0.13848502523611958	FJI	NW
-0.40149435439974357	0.13628245613559317	FJI	NW
-0.33933221259773183	0.019492307869276318	FJI	NW
-0.267447604552857	-0.09261112360192902	FJI	NW
-0.4080138797958905	0.22976962719323166	FJI	NW
-0.2860475513518935	-0.12383201565054767	FJI	NW
-0.3860717436070016	0.16488881222557	FJI	NW
-0.4050086761822167	0.07755824706507033	FJI	NW
-0.3489597690470795	0.05810961291784568	FJI	NW
-0.32878711062111476	0.11113090502976267	FJI	NW
-0.30354631070963833	0.0681853948735813	FJI	NW
-0.3453463913002379	0.06878678103472331	FJI	NW
-0.24957762130253955	-0.22059209830434634	FJI	NW
-0.08034852898904578	0.00810132361145031	FJI	NW
-0.39340159583379464	0.30202294070419133	FJI	NW
-0.2969504268018	-0.18401773437893754	FJI	NW
-0.36877892123698186	-0.03215477273893188	FJI	NW
-0.379261996731779	0.077475369159965	FJI	NW
-0.2800342035530834	-0.08470352910890733	FJI	NW
-0.32672885243370825	-0.16394796070999998	FJI	NW
-0.37914189255599645	0.27810086251927124	FJI	NW
-0.400574012084128	0.22944532827641698	FJI	NW
-0.26555906900116744	-0.026654397028919228	FJI	NW
-0.15365936632211646	0.012252517365846998	FJI	NW
-0.16192132951688587	0.02234689413117201	FJI	NW
-0.39279832832499906	0.00032924194311474876	FJI	NW
-0.37738355935455375	0.11186812643573123	FJI	NW
-0.18983478437929813	-0.11976553274041453	FJI	NW
-0.19604377640746223	-0.1834634778527804	FJI	NW
-0.27177333479484145	-0.027141057359116334	FJI	NW
-0.2731928457138716	0.004309065880070225	FJI	NW
-0.3179325674188266	0.14608179300450602	FJI	NW
0.10028181549318578	-0.1047932107688663	FJI	NW
-0.2280952950933414	0.09156543378723911	FJI	NW
-0.3332216332857239	0.1952455279274607	FJI	NW
-0.2377990227308584	-0.05922793462279502	FJI	NW
-0.32710555255478024	0.22034596758989916	FJI	NW
-0.40097897368495233	0.24812142721662966	FJI	NW
-0.23826174867928193	0.3153411886473943	FJI	NW
-0.35194030729101133	0.19819124754394926	FJI	NW
-0.3276904561135224	0.282716008984964	FJI	NW
-0.30765294364306145	0.26760958226299386	FJI	NW
-0.2630527545757209	0.11957597348377184	FJI	NW
-0.3224712121177476	-0.011117709125590378	FJI	NW
-0.3688693391712538	-0.06366254850756971	FJI	NW
-0.20302824500837469	-0.25884460384026364	FJI	NW
-0.37991003486160646	0.17247386173543308	FJI	NW
-0.32987368284511315	0.15502851642631027	FJI	NW
-0.11569406472833785	-0.18221692856044708	FJI	NW
-0.25863705217998456	0.13540171443311466	FJI	NW
-0.41008262860396194	0.13505353789079777	FJI	NW
-0.19703567217304518	-0.16246135647871893	FJI	NW
-0.28935920691979256	-0.09941741824824966	FJI	NW
-0.25048561526390295	-0.05594116640456604	FJI	NW
-0.1930652712782181	0.11223059840789051	FJI	NW
-0.32045839464365944	-0.13237497520078192	FJI	NW
-0.35522687874017633	0.18966135345996435	FJI	NW
-0.3962030454093194	0.06656036335905764	FJI	NW
-0.37821352755607446	0.19598617826302078	FJI	NW
-0.3630435094112289	-0.026540352585416434	FJI	NW
-0.3028008499605991	0.12855467063843756	FJI	NW
-0.3842584064669853	0.03825047306433744	FJI	NW
-0.02607843659692722	-0.08607573866552432	FJI	NW
-0.20703194411558523	0.1437556484512686	FJI	NW
-0.29357963460593695	0.030497501294834018	FJI	NW
-0.2037451248611475	-0.005899994576442094	FJI	NW
-0.33678320032637576	0.0758785098671025	FJI	NW
-0.3054837656271408	0.15589074914316847	FJI	NW
-0.39279775007161954	0.1310982996195121	FJI	NW
-0.3128518062949184	0.2476536498438401	FJI	NW
-0.33697222500064034	0.057528185991389924	FJI	NW
-0.38765933338118785	0.16656369496204704	FJI	NW
-0.30679273422931486	0.24451324043767617	FJI	NW
-0.2264930695627908	-0.15825164666602007	FJI	NW
-0.3040127616159842	-0.028113012911120647	FJI	NW
-0.3613479756521627	0.11023354790805653	FJI	NW
-0.3491116626677514	-0.016732949954265625	FJI	NW
-0.33687402200533684	0.1668581240603969	FJI	NW
0.11791575515342918	-0.01539463650326442	JPN	W
0.3686643380375549	0.029011255657036255	JPN	W
0.2138793862335819	-0.03278258924093211	JPN	W
0.1945590878190213	-0.061401424706078796	JPN	W
0.2500095785991941	0.066294182874929	JPN	W
0.06330857288307576	-0.01670012771578962	JPN	W
-0.06498941946949402	0.30875593778158716	JPN	W
0.18079956056609764	-0.029084810357518878	JPN	W
0.2786805510032311	-0.017136850582580077	JPN	W
0.2618542942271726	0.04625113146328497	JPN	W
0.27184687611108166	0.012912035203393343	JPN	W
0.3252113592089042	0.032373651182515596	JPN	W
0.2501791483155288	0.0005138123825417048	JPN	W
0.3310135166285956	0.04474254147348597	JPN	W
0.3166973186091503	0.03857256089107177	JPN	W
0.30531657066624385	0.059492692767228565	JPN	W
0.2630120317724569	-0.007056309296986001	JPN	W
0.25426161974201367	0.008000056984030689	JPN	W
0.34597479643220386	0.05459427904235429	JPN	W
0.21497902229539995	-0.06360697627116417	JPN	W
-0.03675406854677778	0.2790959390410893	JPN	W
0.3025673604298364	0.047082168078224754	JPN	W
0.2994679405166409	0.043044490061177824	JPN	W
0.0017111070320202087	0.37367925929888846	JPN	W
0.2778878975177927	0.024965115975721677	JPN	W
0.3490379287615017	0.08016833790447453	JPN	W
0.4072553943531604	0.08555308163163551	JPN	W
-0.10300118557037728	0.3028482002954216	JPN	W
0.2693884694404702	0.06738370032998353	JPN	W
-0.18331907879779638	0.3841144333202114	JPN	W
0.3513893358748912	0.06317524666497415	JPN	W
0.2075144353568253	-0.0035569715067645565	JPN	W
-0.06044402657400581	0.28871774513309956	JPN	W
0.4048330801688817	0.09173801907550867	JPN	W
-0.1743918834039411	0.28446609402786294	JPN	W
0.36431686450897194	0.03976416578395894	JPN	W
0.2607761832363546	0.016675245644906845	JPN	W
0.2118585816899334	-0.05482512806609653	JPN	W
0.3608941109958559	0.05759642090826403	JPN	W
0.3341333095574601	0.028224176416385863	JPN	W
0.37453062612340327	0.06750402624659324	JPN	W
0.15901261162757982	-0.05412441835356346	JPN	W
0.2858482471214246	0.05628577594293507	JPN	W
0.3313167510634457	0.017841272859392687	JPN	W
0.1239103667908224	-0.02598313655490488	JPN	W
0.2607147858176852	-0.028826856140677048	JPN	W
0.319930466912014	0.02991062727564146	JPN	W
0.33607001453158863	0.06838854959616408	JPN	W
0.302430928124072	0.00375464822227412	JPN	W
0.27163447408566366	0.016830661986649363	JPN	W
0.025142082834013618	-0.026342987139694442	JPN	W
0.24076448979765927	0.010245545362609744	JPN	W
-0.0810921454793451	-0.004116311905302375	JPN	W
0.21145564490258273	0.008234663901726214	JPN	W
0.1343928737016763	-0.03462808360355616	JPN	W
0.3423217359354076	0.03802043132614385	JPN	W
0.3678277744723149	0.08302101171760165	JPN	W
0.09288385422769137	-0.06675051283913916	JPN	W
0.08791463243367278	-0.05866196608872168	JPN	W
0.36543731621192865	0.05883269356226303	JPN	W
0.275419163976133	0.0666519889623157	JPN	W
0.2582225331695072	0.013454871353809395	JPN	W
0.23791826565701632	-0.0037087654194459317	JPN	W
0.15161820490880606	0.03923612883473842	JPN	W
0.3449361443902371	0.0754260877458925	JPN	W
0.19557716807109513	-0.03543955150827642	JPN	W
0.326027657237293	0.05167680047866307	JPN	W
0.1702326231195452	-0.005418539431838135	JPN	W
0.26501284706323286	0.03764944491760816	JPN	W
0.05410017588126924	0.35121478193849975	JPN	W
0.16918937187053823	0.02800838762966826	JPN	W
0.31472370644896586	0.0555419002585233	JPN	W
0.35132031464100083	0.03363002954719019	JPN	W
0.2582375757544856	0.04059140041665167	JPN	W
0.2035479372844113	-0.04828543835339869	JPN	W
0.24889820150344294	0.029600983840581706	JPN	W
0.01908178928426008	0.054610837855442254	JPN	W
-0.035011730225429756	0.29718708065527355	JPN	W
0.22540701351663256	-0.005931409636158896	JPN	W
0.38245367598194496	0.07453721981282739	JPN	W
0.02676675297974404	-0.10451197612047122	JPN	W
0.3170252322243489	0.03543973995498049	JPN	W
-0.22427602397520968	0.1918809757097373	JPN	W
0.26077625970032164	0.031208281033223723	JPN	W
0.10094549315774555	0.3571948390497235	JPN	W
0.17264909060315697	-0.028937951373691193	JPN	W
-0.053407316008836705	-0.013518600547149555	JPN	W
0.17900954957282111	0.05174653355822235	JPN	W
0.2949934590171192	0.031238975452031584	JPN	W
0.13566176417053566	-0.04335658564482224	JPN	W
0.32348634754331423	0.048968017647427024	JPN	W
-0.03776857765001986	0.3994841864459531	JPN	W
0.20628386738246754	0.014472898268533438	JPN	W
0.12631567285988887	-0.03887420095558764	JPN	W
0.214419449492355	-0.06498234661864516	JPN	W
0.28498412109167875	-0.04916555152789411	JPN	W
0.33731951418924655	0.08022555206859966	JPN	W
0.053962669144565725	-0.02033674706811473	JPN	W
0.017878015587844763	-0.06580118496289268	JPN	W
0.06116637838844242	0.4258977985999571	JPN	W
0.3539918909618515	0.09188535986559423	JPN	W
0.2826290040094911	0.04464115391859645	JPN	W
0.3341900889953002	0.030692370658085895	JPN	W
0.030881255006390766	0.0654858637899991	JPN	W
0.2980482346942119	-0.015300828494147252	JPN	W
0.33907928528012377	0.04217801669089587	JPN	W
-0.08424145687444959	0.04696686519326587	JPN	W
0.3648649650913708	0.04546880118262134	JPN	W
0.2541137421781383	-0.033812146188597715	JPN	W
0.28541949975369346	0.03293523989469413	JPN	W
0.2899728127128046	0.029524248070462535	JPN	W
0.2768857984287584	0.12477216093483537	JPN	W
0.24896643484699704	0.012552882393351051	JPN	W
0.20496109552751693	-0.05028413626485915	JPN	W
0.3151749395117752	0.03997488510181859	JPN	W
0.13693139486754813	-0.0984404193985486	JPN	W
0.15687491346867463	-0.017522780208781754	JPN	W
0.3138585993970178	0.058269493670429856	JPN	W
0.31237166738865224	0.05191519639994486	JPN	W
-0.05801428242183202	-0.2248961854760925	JPN	W
0.29686046093690444	0.037226012264874764	JPN	W
0.3308750211509144	0.08873160434905634	JPN	W
0.32520660787432204	-0.010551010814185623	JPN	W
0.20837674923449226	-0.03783687764124991	JPN	W
0.24538929111358185	-0.009800317083153766	JPN	W
-0.11512006633624995	0.04652074102025839	JPN	W
0.3316875462159902	0.06650764028270735	JPN	W
0.2758663898625337	-0.006180776679416205	JPN	W
0.15932934599276727	-0.05137160195535078	JPN	W
-0.10219709052291874	0.05608774517883357	JPN	W
0.029372381882349707	-0.07009941228832313	JPN	W
0.3753819573797085	0.08367323340722914	JPN	W
0.3095333181896747	0.047466966811215254	JPN	W
0.29528273140075356	-0.011239340011753703	JPN	W
0.32852995143938846	0.05011700627479659	JPN	W
0.16060942109393173	0.09779197324312362	JPN	W
0.1091522982125529	0.29081817543332034	JPN	W
0.16578591466435905	-0.08355242766066294	JPN	W
-0.0822466727843457	0.3439070277541182	JPN	W
0.24634598807206348	0.004418547899690613	JPN	W
0.08325303605865596	-0.14832892994961255	ITA	W
-0.04961335662149811	0.20759698067030044	ITA	W
0.15596991611570538	-0.06634344764696001	ITA	W
0.08956533940492459	-0.1213879244466864	ITA	W
0.08140305080581586	-0.08848309901173006	ITA	W
0.1322741672519162	-0.08433230685021922	ITA	W
0.08695819127305307	-0.09813449451681959	ITA	W
0.25952998399831706	-0.033537837435927906	ITA	W
0.025925980380197958	-0.14705614476100462	ITA	W
0.005600302934594266	-0.08956129865750721	ITA	W
0.0794048571374671	-0.1631643314591436	ITA	W
-0.35033072752686467	0.14018868645077223	ITA	W
0.03327936518420396	-0.17297216647781474	ITA	W
0.1370428168830668	-0.1147586144984839	ITA	W
0.0074011827968864605	0.3054547587445778	ITA	W
0.06008180136608139	-0.13827445168750738	ITA	W
0.11186309812406595	-0.08800196902773963	ITA	W
-0.033175654265999444	0.04304111814611224	ITA	W
-0.024618870503257322	0.38156973390697224	ITA	W
-0.24838627499161597	0.040823126202508685	ITA	W
0.2326292943909533	-0.062459922947656434	SWE	W
0.18202926747950143	-0.06580649568618334	SWE	W
0.014749196046621631	-0.15776072097491253	ITA	W
0.15022955994566706	-0.12470980271627014	SWE	W
0.2999160045005339	-0.0038964405360044888	ITA	W
0.1421020008398621	-0.11854020324708202	ITA	W
-0.13970143190361362	0.1427002275849261	ITA	W
0.11372259150956646	-0.12384706548634916	SWE	W
0.3282797581041796	0.04301832623496676	SWE	W
-0.1098491816941084	0.33804737025002596	ITA	W
0.10241781854304774	-0.039562670175642654	ITA	W
0.2773014383574157	0.010537455274447514	SWE	W
0.10701412870444989	-0.09234672199044101	SWE	W
0.1777182337099507	-0.07683768098170186	SWE	W
0.1645947132972999	-0.06997152208825826	ITA	W
0.1337736948611886	-0.0515744725724619	ITA	W
0.1909490444987032	-0.05730969017009057	SWE	W
0.29873589508957643	0.007693777217744755	SWE	W
0.16260575579844622	-0.022651554555083206	ITA	W
0.2008213881229204	-0.08049859699160555	SWE	W
0.10531814923112032	-0.09431639130495567	SWE	W
-0.050676008016810485	0.26272437137433224	ITA	W
-0.0060475623789671765	0.04680465544295892	SWE	W
0.1851308217829283	-0.13424595563182032	SWE	W
0.36336111635009516	0.05791982797961274	SWE	W
0.2103283928986968	-0.12800096537111594	SWE	W
-0.039377383341319336	0.2747198118304793	ITA	W
0.3065794624973238	0.002280594026061018	SWE	W
0.16080876936766975	-0.07105896309373894	ITA	W
-0.09881787532576632	0.21209228841006006	ITA	W
0.2207273875703275	-0.08862220751412477	SWE	W
-0.027916414423130396	0.06398308232752538	SWE	W
0.2619455023136684	0.004636329249153459	SWE	W
0.21040899598159316	-0.06602087055530736	ITA	W
-0.07156492872886916	-0.15516063526285728	ITA	W
0.14721185808408965	-0.11750008697069136	SWE	W
0.17844212730614606	-0.0687514561618469	SWE	W
-0.21175952879997245	-0.0009030111318786152	ITA	W
0.15690845512391713	-0.15216793877184268	SWE	W
0.2459915228179491	-0.041993636439674555	ITA	W
0.3081212806561154	0.04929835407020033	SWE	W
0.2903241897442563	0.008754070468648258	SWE	W
-0.08749376908355384	0.36361564312235095	SWE	W
0.40890517288146017	0.06068139057747267	SWE	W
0.1689499590316162	-0.10028711445271779	SWE	W
0.15530426907254777	-0.0718197557524264	SWE	W
0.19903238325321954	-0.06563522664180599	SWE	W
0.10862709089804878	-0.10098839863787158	ITA	W
0.20565434416451284	-0.07078788004399196	SWE	W
-0.023170225054002198	0.14709163607107176	ITA	W
0.2711544389864295	-0.029114585574044633	SWE	W
0.14931203463176723	-0.061015780915527104	SWE	W
0.29446419527839646	0.0021761266614981397	SWE	W
0.2956331610174898	-0.003526455542665084	SWE	W
0.28091645193947173	-0.05435275547083327	SWE	W
0.2677908832076667	-0.03051709453079782	SWE	W
0.312678155635906	0.043034045265435784	ITA	W
0.08452544600332432	-0.010688051193988524	ITA	W
-0.03525995631515967	-0.035105562055494206	ITA	W
0.22776512536999652	-0.036069104403819746	SWE	W
0.2351316851366335	-0.008111974351144245	ITA	W
0.36502515593317914	0.026031730576121397	SWE	W
0.10253928666995371	-0.09480938851615293	SWE	W
0.2395301709853394	-0.03563104992385805	SWE	W
0.16755012805542	-0.05666377780501292	ITA	W
0.2976997545313343	-0.03594694801060757	SWE	W
0.29970702402699473	-0.025071423604655023	SWE	W
0.2805549552571185	-0.021180916020817165	SWE	W
0.33631726774727266	0.03442027697552147	SWE	W
0.22139997618076115	-0.027517960313977952	SWE	W
0.2192921821074399	-0.05923116168451433	SWE	W
0.015079452340228972	-0.14876432195347428	ITA	W
0.22910755916186332	-0.06527780033240574	SWE	W
0.04973037487345396	-0.12848918583940028	SWE	W
0.2187470066027009	-0.004380353215382376	SWE	W
0.09135293924669177	-0.1167878674783364	ITA	W
0.3761526578397709	0.04267172293386302	SWE	W
0.3062356351235678	-0.01817977823550927	ITA	W
0.007664784022224721	0.015154126547705371	ITA	W
0.13483626694764772	0.0020439193077551104	SWE	W
-0.08447693500105193	-0.12744664140727346	SWE	W
0.010148242676530157	-0.025719484201748737	ITA	W
0.4143355978964137	0.09695733727388722	SWE	W
0.20511156898890698	-0.04824764697934824	ITA	W
0.032235175859193076	-0.1753606809051161	ITA	W
0.006926030098996474	-0.16202766657068088	ITA	W
-0.012234824683052021	0.3136406029707005	SWE	W
0.2271178147168959	-0.05794999369771604	SWE	W
0.21672106168385363	-0.08929289424263799	SWE	W
0.2359454901658652	-0.013059785351261996	SWE	W
0.23976587183290773	-0.008200618939092283	SWE	W
0.29287271191385306	0.008004425561376352	SWE	W
0.23488560244754908	-0.02141702284662597	SWE	W
0.3376068013190339	-0.004729574139675031	SWE	W
0.3246533154194869	-0.0026248896257240082	SWE	W
0.05880493028364448	-0.14032328085575368	SWE	W
0.2999290262486852	0.028924543697015602	SWE	W
0.35496074386733717	0.04309585141270989	SWE	W
0.244344213761012	-0.06785446612929856	SWE	W
0.11019501942244124	-0.0847778472921876	SWE	W
0.19915993586302283	-0.03334076879209486	SWE	W
0.22714639107150603	-0.045709385259334406	SWE	W
0.23867589049415253	-0.06491878380321207	SWE	W
-0.019166247187981517	-0.24518921477991987	SWE	W
0.34725122761902355	0.02764818676743188	SWE	W
0.21143813022255767	-0.07837327297729735	SWE	W
0.2900914284919146	-0.04770564221421414	SWE	W
0.012486495957432724	-0.1637573684377954	SWE	W
0.05646127194790151	-0.07670387979781308	SWE	W
0.2478592283276136	-0.08832823733172455	SWE	W
0.1618468069921612	0.06132336227771956	SWE	W
0.1651585002401751	-0.1338929111637586	SWE	W
0.14517665193559612	0.0194585160713418	SWE	W
0.29685479379611174	-0.0483078876339205	SWE	W
0.10982688331086217	-0.11226251173190621	SWE	W
0.11612776589068026	-0.06548444317632512	SWE	W
0.28219329226887857	-0.003110910147178268	SWE	W
0.13520692591939	-0.10058548906604202	SWE	W
0.09942602700526586	-0.15442880741835613	SWE	W
0.21841941719802607	-0.0921869591875473	SWE	W
0.19969005712443025	-0.10380252587960834	SWE	W
0.1180713554990992	-0.0022807447496169483	SWE	W
0.19156391090772462	-0.11241956515394999	SWE	W
-0.08909068596467423	0.33339086641194066	SWE	W
0.27831411196475236	0.005871612204120584	SWE	W
0.12338397368309072	0.2263717513555212	SWE	W
0.2056178255189951	-0.08709178295628418	SWE	W
0.09677834890591867	-0.11356849108966983	SWE	W
0.22681981488232736	-0.06733158855484553	SWE	W
0.15076051949594751	-0.11082099486946617	SWE	W
0.19693932649456936	0.13469963934510482	SWE	W
0.11056376734353926	-0.11771088412700169	ITA	W
0.17409137135364453	-0.0664459940400058	ITA	W
-0.12004988526124867	0.38730456943996416	ITA	W
0.021523951295545678	-0.07843207216307717	ITA	W
0.03776121125346575	-0.08389902405787668	ITA	W
-0.017196190113480746	0.3251502046133547	ITA	W
0.07671181068288047	-0.15204417488916247	ITA	W
0.11238704339098089	-0.11663515189553668	ITA	W
0.0820926380559055	-0.12142086845140505	ITA	W
0.1974467372290692	0.0034466517951238897	ITA	W
0.11076325373876206	-0.011577421194751648	ITA	W
-0.05233875561092976	0.08067906968703696	ITA	W
-0.09198362907582866	-0.04751341573976707	ITA	W
-0.3044399776472937	0.2077515156300506	ITA	W
0.216455089442201	-0.010081444754906781	ITA	W
0.11882347684876873	-0.10011434095347096	ITA	W
0.060428465620459094	-0.10368897508573512	ITA	W
-0.05621087650457846	0.2315934512786669	ITA	W
-0.0019937847558427436	-0.048416467561364	ITA	W
0.014161523440084789	0.07205900225768522	ITA	W
-0.010454109125931596	0.2098157689016923	ITA	W
-0.22652188368594392	-0.042744698117107384	ITA	W
0.18104778267526028	-0.011054544891552472	ITA	W
0.1457732567747871	0.00177115262047391	ITA	W
0.02413869375065813	0.2991139957649322	ITA	W
-0.008625026630892407	0.19289346349238665	ITA	W
-0.028694694955757504	0.3671778263423926	ITA	W
0.22377174491915597	-0.023936822300750827	ITA	W
0.0051183477635488904	0.332075821630376	ITA	W
-0.06697261200173565	0.30931414261820317	ITA	W
-0.09392054441003382	0.34805071674748767	ITA	W
0.07228979163659838	-0.0742617114385988	ITA	W
-0.017107332833627444	0.17682565286229365	ITA	W
0.07186904026334252	-0.0957923742005845	ITA	W
-0.018759763436744094	-0.09768758084004019	ITA	W
-0.3052316139830025	0.28913956192640755	ITA	W
0.2183615774071347	0.014681793721651326	ITA	W
0.1390026936005434	-0.10365195363123605	ITA	W
-0.023441410819421905	0.328971269850821	ITA	W
-0.06313434268257548	-0.1610311324946535	ITA	W
0.2443276791201075	-0.010482728849684616	ITA	W
0.09756207136673362	-0.09491033217561042	ITA	W
-0.3227697901053546	0.015667523148665857	ITA	W
0.14922458502489347	-0.07350177099590666	ITA	W
-0.04523685120355527	0.3483260392698885	ITA	W
0.2520168161226045	0.011186736284306083	USA	W
0.36132962614115544	0.03532933220540379	USA	W
0.08348598572980645	0.004711401009573842	USA	W
0.33917959191454405	0.0378215469077976	USA	W
-0.03635712696056074	0.40110728676535007	USA	W
0.1664573449733739	-0.05284440216841708	USA	W
0.33448284632846637	0.04527782141549511	USA	W
0.2771513543381691	-0.009239046755142616	USA	W
0.06577528393930224	0.3506472269226601	USA	W
0.26103534457466476	-0.011790310561046234	USA	W
0.21484934156101476	-0.06906280989010641	USA	W
0.2779704591358661	0.035971575732360886	USA	W
0.2982207420891898	0.04935596890646644	USA	W
0.17075657073397982	-0.04913779052203067	USA	W
0.15656631406340069	-0.08931112634216416	USA	W
0.06571331353380809	0.41344264573454814	USA	W
-0.0023481422220971737	0.2843008458865778	USA	W
0.3174031243403256	0.03915962033741069	USA	W
0.10500247573180263	-0.05373366249879115	USA	W
0.2550075839785337	-0.001651967927946736	USA	W
0.33610684300681076	0.06352400950548279	USA	W
0.2986588398775776	0.04015806067760139	USA	W
0.25372485458813615	0.03283758329404323	USA	W
0.288559344975233	-0.003528144361841261	USA	W
0.3664683264349665	0.07493463538849382	USA	W
0.1871599816034427	-0.07069898397716609	USA	W
0.12627906984968837	-0.07383203343846471	USA	W
0.2667630950370555	0.053285820916781156	USA	W
0.16111102437090805	-0.0817954376880681	USA	W
0.3786329513920959	0.0511603920385972	USA	W
0.12053795720632192	-0.04375973542519034	USA	W
0.4071824622288997	0.095892679299603	USA	W
0.3952090301510709	0.08512313575557645	USA	W
0.1952568969841247	-0.019095986504592155	USA	W
0.14351533975921615	0.050250064147370856	USA	W
0.09262081334304431	0.24252944350273878	USA	W
0.309399570564322	0.02693803328041863	USA	W
0.4122788533538086	0.06014851765947011	USA	W
0.29041824038152686	-0.012796423702876614	USA	W
0.38370014732841556	0.07499262903226588	USA	W
0.22413021182993018	0.004085542013998905	USA	W
0.2884848614329538	0.01995268229165987	USA	W
0.20073392691738487	-0.019923270393439517	USA	W
0.1726758492085252	-0.021117694137957107	USA	W
0.1330593511542981	-0.05847434706860274	USA	W
0.043776034482934295	-0.13534828373945468	USA	W
0.3420196593848866	0.07472741354127424	USA	W
0.36894567479833845	0.06767907679669995	USA	W
0.3679766768086914	0.06860524647180802	USA	W
0.4016834744706474	0.06411074357931214	USA	W
0.3226923736352949	0.03869472505814297	USA	W
0.36431608243774977	0.07889045992671447	USA	W
-0.007636544342221589	0.3790540267317594	USA	W
0.37423146881129915	0.08508009111048122	USA	W
0.3642190802013486	0.037999232106695556	USA	W
0.37463500667238053	0.06567814658526987	USA	W
0.35426813575820826	0.03900684280550067	USA	W
0.29555319454618584	0.018574690590152737	USA	W
0.16884722076308248	-0.05030466556262473	USA	W
0.2570659658028234	-0.04156176648791075	USA	W
0.338171352396438	0.021226386799459356	USA	W
0.25715405019460913	-0.004797737485085795	USA	W
0.11093484700215804	-0.09840358778110508	USA	W
0.35795839177962874	0.018007721343841935	USA	W
0.3866750560376358	0.08127105539281555	USA	W
0.3101380582642459	0.03058837127869125	USA	W
0.35836230957708265	0.06409865195056834	USA	W
0.3486077275675913	0.07863345180025555	USA	W
0.1253825347206081	0.01904824067938159	USA	W
0.240098828793527	-0.019261410013849137	USA	W
0.27757905129420996	-0.003804337409975142	USA	W
0.24997160434890411	0.0008839609850202139	USA	W
0.29019001320389864	0.10653088120396909	USA	W
0.34490701555078346	0.05388166459783937	USA	W
0.31189532779177254	0.004636893129168759	USA	W
0.23618230435834048	-0.04222707801080211	USA	W
0.20451360485332545	-0.050165703306065616	USA	W
0.3861750239412617	0.057948441132863286	USA	W
0.304747617509142	0.023799045491348644	USA	W
0.2725220553221068	-0.031028425157171517	USA	W
0.3931855300571601	0.0674819652731539	USA	W
0.32367991197080814	0.008849980751384687	USA	W
0.037582110164764926	0.22885478460053799	USA	W
0.38710158905262393	0.06728233195303608	USA	W
0.16509851100464282	-0.043598529275607714	USA	W
0.04113338695675676	0.3295611139642754	USA	W
0.39292993268823084	0.06007039066943693	USA	W
0.28973410804740374	0.04353872079555397	USA	W
0.0030014472996581234	0.054777154911446184	USA	W
0.3505606960375789	0.06322476425911709	USA	W
0.34166927900866884	0.032592262864976775	USA	W
0.3867166358098225	0.07323651881872235	USA	W
0.1443077310316972	-0.07187077632916894	USA	W
0.3022444024697942	0.009821859245498967	USA	W
0.4098193324475133	0.06936286243537738	USA	W
0.20715803343901196	-0.017143355640432078	USA	W
0.1897878175819988	-0.03732695028841004	USA	W
0.18457013157682617	-0.043371207437063755	USA	W
0.41055096532308794	0.08623868837413946	USA	W
0.33833948095313776	0.06089115331163707	USA	W
0.12265674480446094	-0.05996154556658009	USA	W
0.29646583741911375	-0.0010742739309921338	USA	W
0.3884387632609432	0.045438506765459345	USA	W
0.35365664304722283	0.05115550137671421	USA	W
0.39202496288779487	0.08001615927110384	USA	W
0.4108462492046857	0.08744978773851728	USA	W
0.14386802664991452	0.17628399005438466	USA	W
0.34234940080012227	0.0591033210081322	USA	W
0.0025565327515228377	0.41532337209715886	USA	W
0.33615990408433144	0.0731889521772311	USA	W
0.28564762500696045	0.0033957611805931825	USA	W
0.33382811568497783	0.05445508033637116	USA	W
-0.0008130327972208186	0.4124943377444279	USA	W
0.24682351599046465	0.027430352477546854	USA	W
-0.04035589241644425	-0.06935526194880091	USA	W
0.1911675266426469	0.12759309074959665	USA	W
0.4470162611537458	0.0928779443543244	USA	W
0.26294375417530597	0.023492982483240114	USA	W
0.11179076653034105	0.20989994076325091	USA	W
0.335609262256944	0.04072376283640535	USA	W
0.25494472548180974	0.004813840663706593	USA	W
0.3850130094062341	0.08404369003810788	USA	W
0.35652054021435486	0.0846911353922381	USA	W
0.28938044251855854	-0.003891098218272782	USA	W
0.38838561404432714	0.055714804454490195	USA	W
0.3065496076206886	0.036613524381830555	USA	W
0.15159699956948358	0.35956029554284197	USA	W
0.1358591213614608	-0.05573961271798656	USA	W
0.402020239109012	0.07369570412573433	USA	W
0.40597313723099	0.055378482078528295	USA	W
0.27275300208003517	0.0005250552991226898	USA	W
0.3857848112293461	0.06541058838152257	USA	W
0.17502683169391225	-0.04571965423794755	USA	W
0.2927376640535088	0.055571462377863895	USA	W
0.35769272041012207	0.03744303807527425	USA	W
0.35176465240648064	0.07022448077407481	USA	W
0.3462546371860435	0.034270475059125595	USA	W
0.17029284533846023	-0.039603082462148574	USA	W
0.2261096281891725	-0.044412394025907	USA	W
0.4030747773884421	0.08523291056252078	USA	W
0.32678822854287065	0.07042720907306929	USA	W
0.3501932663628017	0.04739616964690131	USA	W
0.284081487078451	0.04186907336792235	USA	W
0.3502517947273615	0.05269485588176722	USA	W
-0.0439206104662125	0.3720192704443039	USA	W
-0.22918894802085163	0.09578388473816005	MSM	MSM
-0.27217547358725236	0.34595042127571035	MSM	MSM
-0.25945851635012457	0.16462416407078012	MSM	MSM
0.16027753415434437	-0.02001131978769641	MSM	MSM
0.29547750618074375	0.021208195274282048	MSM	MSM
-0.27275245552050154	0.026857431530192082	MSM	MSM
0.3093654900238914	0.04083849171656557	MSM	MSM
-0.23351312500312688	-0.003482858085113949	MSM	MSM
0.22847771741778047	0.006307495254772985	MSM	MSM
-0.05499549114534481	-0.15058903444156294	MSM	MSM
0.07618659009955257	-0.05812065453994918	MSM	MSM
0.33168882144310824	0.04842012440769351	MSM	MSM
-0.06827239301177673	-0.007408336041231855	MSM	MSM
0.2671283810340526	-0.0037002231943738455	MSM	MSM
-0.24253109377501478	0.11670794052695893	MSM	MSM
-0.32928150295658004	0.10526495180471501	MSM	MSM
-0.022430902419890996	0.17009653493056012	MSM	MSM
-0.11539843650005213	-0.22753259364222758	MSM	MSM
-0.2554893605430012	0.1418966162351885	MSM	MSM
-0.30641006262356724	-0.011899833584289308	MSM	MSM
-0.30722504086712044	0.10736640803986854	MSM	MSM
-0.3249037428696207	0.16411398191605042	MSM	MSM
-0.3653371473133339	0.1675104995838834	MSM	MSM
-0.09789865360875191	-0.2433581314024438	MSM	MSM
-0.38573217458727715	0.23472852752311946	MSM	MSM
0.04067987091550876	0.3358562195395911	MSM	MSM
0.3559512332281743	0.056156516147221065	MSM	MSM
-0.150430587248206	-0.0474217619179694	MSM	MSM
-0.34223625509767763	0.053642221227729624	MSM	MSM
0.26515804182761754	0.039947945585353056	MSM	MSM
-0.30974968484638976	0.25693115026559366	MSM	MSM
0.3379885874307925	0.034466111456265866	MSM	MSM
-0.15695432294829703	0.3139353415296164	MSM	MSM
-0.09237826001719664	-0.20990946515283848	MSM	MSM
-0.1648698670724517	-0.18683080090689017	MSM	MSM
-0.11920151689885539	-0.0874507398660176	MSM	MSM
-0.1323403477462193	-0.2322031018720374	MSM	MSM
-0.134931775799011	-0.21440468904216006	MSM	MSM
-0.37030873321424546	0.23124728470942174	MSM	MSM
-0.2734516830329147	0.3386743095008463	MSM	MSM
-0.3719133737845807	0.026658517226059435	MSM	MSM
-0.03357329348251091	0.0074999044249775115	MSM	MSM
-0.10411816046017042	-0.2175417251269089	MSM	MSM
-0.06717761126147012	-0.1684330909746459	MSM	MSM
-0.2994868018289349	-0.05477836655113838	MSM	MSM
-0.366098005740196	0.3013472490485422	MSM	MSM
-0.39870409205255003	0.03638104636873505	MSM	MSM
-0.24301072194708492	0.005418757781466742	MSM	MSM
-0.13516435474312408	-0.28672695314512314	MSM	MSM
-0.3152295264054572	-0.016727617608598627	MSM	MSM
-0.1975976009530797	0.13647665884522564	MSM	MSM
-0.3188429968866643	0.04630171428594172	MSM	MSM
-0.10485541786907338	-0.2664260806115069	MSM	MSM
-0.3836835504345875	0.0734307536013346	MSM	MSM
-0.1369498831994221	-0.145111151616845	MSM	MSM
-0.1355304151682955	-0.005588186303522853	MSM	MSM
-0.32502840486593304	0.007472807115723151	MSM	MSM
-0.29137422013276515	0.19204007751972033	MSM	MSM
0.10903293105333219	0.11529467684696294	MSM	MSM
-0.21783324838959955	0.2069497965283526	MSM	MSM
-0.25663217086357404	0.1821658088782972	MSM	MSM
-0.3051685115404175	0.2293601206216244	MSM	MSM
0.3379395045663736	0.06185407373298008	MSM	MSM
-0.3590028351959908	0.1960049101611352	MSM	MSM
-0.15219258565397037	-0.17470636222933728	MSM	MSM
-0.08048207220419154	-0.22900811772783172	MSM	MSM
-0.34751708540479803	0.13091434346553366	MSM	MSM
-0.1899758993570212	0.10075585937919292	MSM	MSM
-0.19550726420448084	-0.19664423523840663	MSM	MSM
0.00568529744930941	-0.15028387111326194	MSM	MSM
0.3076470647259026	0.024100453366355076	MSM	MSM
-0.34872608380368497	0.1363715505884649	MSM	MSM
0.25427332570091865	0.03315980692623646	MSM	MSM
-0.025893661793997446	-0.004764298858262842	MSM	MSM
-0.32374645324452395	-0.05468588698344043	MSM	MSM
-0.30877691616274183	2.224145216536005e-05	MSM	MSM
-0.38399998305140187	0.21679510780519898	MSM	MSM
-0.357298640302073	0.20366480248963462	MSM	MSM
-0.3514112385678384	0.2904151031744685	MSM	MSM
-0.33634455263533364	-0.053519287749739186	MSM	MSM
-0.30816212887129296	-0.06496475979460596	MSM	MSM
-0.3466300528534556	0.24178265656772577	MSM	MSM
-0.15633666995829346	-0.17395759424713353	MSM	MSM
-0.33941968774744374	0.3465334843675153	MSM	MSM
-0.1036406193193924	-0.1892680668624327	MSM	MSM
-0.3313793696706608	0.25721219509861026	MSM	MSM
-0.30655991038168334	-0.050384485902423275	MSM	MSM
-0.35007654976358166	0.14488917274903065	MSM	MSM
-0.2978853927764223	0.1769700762440327	MSM	MSM
0.04896822886397361	0.03374181339088224	MSM	MSM
0.2806298617499458	0.004919934006401064	MSM	MSM
0.20649167420652403	-0.043858319905621855	MSM	MSM
0.016588948943146605	-0.07278092049406415	MSM	MSM
0.08123934992120026	-0.038572784391022165	CHN	NWU
0.1453054341983771	-0.049419099704178966	CHN	NWU
0.21116231377486036	-0.027651119618783113	CHN	NWU
-0.08689943639946691	0.038159679439250735	CHN	NWU
0.033602986508881806	-0.11467655567843196	CHN	NWU
0.3348510816543916	0.03374913411421018	CHN	NWU
0.1955176523941286	-0.003033705042402925	CHN	NWU
-0.2279447514973777	0.04590821888488942	CHN	NWU
0.21873758841120683	0.009332891697086065	CHN	NWU
0.23124043166479158	0.014791407405191451	CHN	NWU
0.2893283439621554	0.03056981607045257	CHN	NWU
0.1530692920421652	0.008345692500948172	CHN	NWU
0.009092868407695636	0.2766790131212963	CHN	NWU
-0.0216916674513764	-0.0909363893766706	CHN	NWU
0.26334298423926655	-0.017967938396202032	CHN	NWU
0.27300734400179394	0.008647136617655581	CHN	NWU
-0.13320294365339475	0.3378683970295728	CHN	NWU
0.34426490455176545	0.0777118194425905	CHN	NWU
0.2867614940528672	0.06031916161902646	CHN	NWU
-0.015368605110680344	0.03310184884753116	CHN	NWU
0.36417752831046835	0.06287552487304308	CHN	NWU
0.02666605556413527	0.13386284375325683	CHN	NWU
0.1379373836174312	-0.05046914668172693	CHN	NWU
0.34145644151290083	0.061401177903659634	CHN	NWU
0.2743364122198533	0.03628041593622999	CHN	NWU
0.21904048345011962	-0.03816555702435615	CHN	NWU
-0.020756375810004144	0.3314517459473142	CHN	NWU
0.14588905453361636	-0.04708579809781361	CHN	NWU
-0.019417500649978322	0.3478282777854728	CHN	NWU
0.22748766837042017	-0.0006708740997327628	CHN	NWU
-0.07630151394393843	0.3227524915544689	CHN	NWU
0.1332740877933944	-0.02993225554493997	CHN	NWU
0.10461256115405772	-0.08292865991412891	CHN	NWU
-0.13746838802090233	-0.13610279251532553	CHN	NWU
0.17517475240266378	0.006402870627521871	CHN	NWU
0.214316840489169	0.022543664118199427	CHN	NWU
0.24104824045539486	-0.026388201536169994	CHN	NWU
0.09309998564239448	-0.08850359299123053	CHN	NWU
-0.004987915166510489	0.3314743434708396	CHN	NWU
0.13993893084181475	0.18685973073262685	CHN	NWU
0.19434640480017132	-0.030895171354335706	CHN	NWU
0.16664177216216536	-0.01430377899599126	CHN	NWU
0.02191700211195698	-0.13079738829768206	CHN	NWU
-0.18155204388342885	0.17957072915930997	CHN	NWU
-0.1255278889273279	0.3592158913744183	CHN	NWU
0.12133438356743495	-0.03971210947875088	CHN	NWU
-0.04574565660302618	0.4140215188242091	CHN	NWU
0.266041992639953	-0.00385434424041775	CHN	NWU
0.2714864749706718	0.029029096449607616	CHN	NWU
0.059283817723020785	-0.05354595036459037	CHN	NWU
-0.10326190995190306	0.36586668676933765	CHN	NWU
0.2262554143522598	-0.012083172333001962	CHN	NWU
0.30672108977853385	0.04421902694161574	CHN	NWU
0.23514275227185902	0.03182368852530369	CHN	NWU
0.07071369081306081	-0.0749254650712368	CHN	NWU
0.32313412965228705	0.04583753475772606	CHN	NWU
-0.024964076738280785	0.3548575760830184	CHN	NWU
0.2683035891535689	0.012886832599793377	CHN	NWU
0.2475486103759104	-0.02619553599338969	CHN	NWU
0.2296337459388162	-0.012235241900154169	CHN	NWU
-0.15480794658000457	0.3745119779905676	CHN	NWU
0.21747170651763206	-0.06441183731625308	CHN	NWU
0.1869838717607367	-0.010401782073131383	CHN	NWU
0.20546465541494047	-0.02309463936587139	CHN	NWU
0.019068587993655784	-0.11713251547735333	CHN	NWU
0.36240074887818646	0.08550132124761993	CHN	NWU
