	P057	P054	P052	P050	P049	P048	P047	P046	P044	P043	P042	P040	P039	P037	P036	P035	P034	P029	P028	P027	P022	P019	P016	P015	P014	P013	P011	P009	P007	P006	P004	P003	P002	MSM_L2_F7	MSM_L2_F5	MSM_L2_F4	MSM_L2_F3	MSM_L2_F2	MSM_L2_E9	MSM_L2_E8	MSM_L2_E7	MSM_L2_E6	MSM_L2_E5	MSM_L2_E4	MSM_L2_E3	MSM_L2_E2	MSM_L2_E1	MSM_L2_E11	MSM_L2_E10	MSM_L2_D9	MSM_L2_D8	MSM_L2_D7	MSM_L2_D6	MSM_L2_D4	MSM_L2_D3	MSM_L2_D1	MSM_L2_D12	MSM_L2_D11	MSM_L2_D10	MSM_L2_C9	MSM_L2_C8	MSM_L2_C7	MSM_L2_C6	MSM_L2_C2	MSM_L2_C1	MSM_L2_C12	MSM_L2_B9	MSM_L2_B8	MSM_L2_B6	MSM_L2_B5	MSM_L2_B12	MSM_L2_B11	MSM_L2_A8	MSM_L2_A5	MSM_L2_A1	MSM_L2_A12	MSM_L2_A10	MSM_L1_D3	MSM_L1_D1	MSM_L1_D12	MSM_L1_D10	MSM_L1_C7	MSM_L1_C3	MSM_L1_C2	MSM_L1_B5	MSM_L1_B2	MSM_L1_B11	MSM_L1_B10	MSM_L1_A9	MSM_L1_A7	MSM_L1_A5	MSM_L1_A10	KHK8	KHK59	KHK58	KHK57	KHK56	KHK55	KHK54	KHK53	KHK52	KHK51	KHK4	KHK48	KHK46	KHK44	KHK43	KHK3	KHK39	KHK37	KHK36	KHK35	KHK34	KHK33	KHK2	KHK29	KHK28	KHK25	KHK24	KHK1	KHK19	KHK16	KHK11
Alloprevotella_tannerae	0.0	0.0	0.0	0.0	0.0	0.0	0.0	0.0	0.0	0.0	0.0	0.0	0.0	0.0	0.0	0.0	0.0	0.0	0.0	0.0	0.0	0.0	0.0	0.0	0.0	0.0	0.00231	0.0	0.0	0.0	0.0	0.0	0.0	0.0	0.0	0.0	0.0	0.0	0.0	0.0	0.0	0.0	0.0	0.0	0.0	0.0	0.0	0.0	0.0	0.0	0.0	0.0	0.0	0.0	0.0	0.0	0.0	0.0	0.0	0.0	0.0	0.0	0.0	0.0	0.0	0.0	0.0	0.0	0.0	0.0	0.0	0.0	0.0	0.0	0.0	0.0	0.0	0.0	0.0	0.0	0.0	0.0	0.0	0.0	0.0	0.0	0.0	0.0	0.0	0.0	0.0	0.0	0.0	0.0	0.0	0.0	0.0	0.0	0.0	0.0	0.0	0.0	0.0	0.0	0.0	0.0	0.0	0.0	0.0	0.0	0.0	0.0	0.0	0.0	0.0	0.0	0.0	0.0	0.0	0.0	0.0	0.0	0.0
Paraprevotella_clara	0.0	0.05126	0.21868	0.11876	0.03489	0.0	0.00448	0.01632	0.0	0.04034	0.55301	0.05067	0.00401	0.11346	0.12674	0.65852	0.01338	0.03335	0.04641	0.45943	0.0	0.0381	0.02307	0.81641	0.11063	0.0	0.0	0.12496	0.00482	0.0352	0.08361	0.10769	0.06434	0.0	0.13803	0.0	0.0	0.40169	0.0	0.01695	0.0	0.03367	0.09491	0.22199	0.19438	0.11282	0.03107	0.0	0.57879	0.01691	0.0	0.03084	0.60526	0.0452	0.00477	0.11531	0.0	0.0028	0.02055	0.0354	0.13107	0.02406	2.9728	1.01892	0.0	0.14581	0.59026	0.0	0.00041	0.03677	0.00043	0.14876	0.07609	0.03958	0.81316	0.00805	0.0	0.0	5.61791	0.0	0.0	0.0	0.00394	0.0	1.46859	4.13612	0.0	0.386	0.0	0.74899	0.0	0.0	0.0	0.00654	0.39715	0.20724	0.01532	0.0	0.00436	0.18203	0.20593	0.01309	0.0	0.87895	0.06275	0.00582	0.19624	0.29112	0.00429	0.0	0.01118	0.00348	0.00723	0.0202	0.42681	0.12644	0.17151	0.59079	0.18296	0.33347	0.91352	0.11053	0.92825
Paraprevotella_xylaniphila	0.0	0.0	0.0	0.0	0.0	0.0	0.0	0.0	0.0	0.0	0.0	0.0	0.0	0.0	0.0	0.0	0.0	0.0	0.0	0.0	0.0	0.0	0.0	0.0	0.0	0.0	0.0	0.0	0.0	0.0	0.0	0.0	0.0	0.0	0.0	0.0	0.0	0.0	0.0	0.0	0.0	0.0	0.0	0.0	0.0	0.0	0.0	0.0	0.0	0.0	0.0	0.0	0.0	0.0	0.0	0.0	0.0	0.0	0.0	0.0	0.0	0.0	0.0	0.0	0.09888	0.0	0.0	0.0	0.0	0.0	0.0	0.0	0.0	0.0	0.0	0.0	0.0	0.0	0.0	0.0	0.0	0.0	0.0	0.0	0.0	0.0	0.0	0.0	0.0	0.0	0.0	3.03081	0.0	0.0	0.0	0.0	0.0	0.0	0.0	0.0	0.0	0.0	0.0	0.0	0.0	0.0	0.0	0.0	0.0	0.0	0.0	0.0	0.0	0.0	0.0	0.0	0.0	0.0	0.0	0.0	0.0	0.0	0.0
Prevotellamassilia_timonensis	12.72893	0.0	9.3883	5.5716	0.50285	0.0	2.75608	0.0	0.0	0.0	0.0	0.0	0.58568	0.0	0.16516	3.67451	0.0	3.19035	0.0	0.0	0.0	0.0	0.8278	0.0	0.0	0.0	0.0	3.00921	0.0	0.0	5.49255	0.0	0.10486	0.0	0.0	0.0	0.0	0.6136	16.32349	0.0	0.28646	0.0	0.0	10.33347	0.0	5.76499	0.71356	0.0	0.0	0.0	0.0	0.0	0.0	0.0	0.58572	0.0	0.0	3.08337	0.0	0.0	0.0	0.0	0.0	0.0	0.0	0.2337	0.0	2.40302	0.0	0.0	0.0	0.0	0.0	0.0	4.44009	0.0019	0.0	0.0	0.0	0.07896	0.0	0.0	0.0	0.0	0.0	0.0	0.0	0.0	0.0	0.0	0.0	0.0	0.0	0.97255	2.62674	0.0	0.0	0.0	0.12885	0.0	0.0	0.14378	0.0	0.0	0.0	0.0	0.0	4.33894	4.64297	0.0	0.07741	6.76711	2.14751	0.0	0.01586	1.26443	3.9361	0.0	0.0	0.0	0.0	0.0	0.61758
Prevotella_amnii	0.0	0.0	0.0	0.0	0.0	0.0	0.0	0.0	0.0	0.0	0.0	0.0	0.0	0.0	0.0	0.0	0.0	0.0	0.0	0.0	0.0	0.0	0.0	0.0	0.0	0.0	0.0	0.0	0.0	0.0	0.0	0.0	0.0	0.0	0.0	0.0	0.0	0.0	0.0	0.0	0.0	0.0	0.0	0.0	0.0	0.0	0.0	0.0	0.0009	0.0	0.0	0.0	0.0	0.0	0.0	0.0	0.0	0.0	0.0	0.137	0.0	0.0	0.0	0.0	0.0	0.0	0.0	0.0	0.0	0.0	0.0	0.0	0.0	0.0	0.0	0.0	0.0	0.0	0.0	0.0	0.0	0.0	0.0	0.0	0.0	0.0	0.0	0.0	0.0	0.0	0.0	0.0	0.0	0.0	0.0	0.0	0.0	0.0	0.0	0.0	0.0	0.0	0.0	0.0	0.0	0.0	0.0	0.0	0.0	0.0	0.0	0.0	0.0	0.0	0.0	0.0	0.0	0.0	0.0	0.0	0.0	0.0	0.0
Prevotella_bivia	0.0	0.0	0.0	0.0	0.0	0.0	0.0	0.0	0.0	0.00218	0.0	0.0	0.0	0.0071	0.00052	0.0	0.0	0.0	0.0	0.0	0.0065	0.0	0.0	0.0	0.0	0.0	0.0	0.0	0.0	0.0	0.0	0.02442	0.01325	0.0	0.0	0.0	0.0	0.0	0.0	0.0	0.0	0.0	0.02541	0.0	0.0	0.0	0.0	0.0	0.0035	0.0	0.0	0.0	0.0	0.0	0.0	0.00029	0.0	0.0	0.0	0.00305	0.00041	0.0	0.00066	0.0	0.0	0.0	0.0	0.0	0.0	0.0	0.0	0.0	0.0	0.0	0.0	0.0	0.0	0.0	0.0	0.03336	0.0	0.03173	0.01828	0.01609	0.0	0.11702	0.0	0.0	0.0	0.00747	0.0	0.0	0.0	0.0	0.0	0.0	0.07436	0.0	0.0	0.0	0.00176	0.0	0.0	0.0	0.0	0.0	0.03421	0.00053	0.0	0.0	0.00658	0.0	0.00047	0.0	0.08404	0.0	0.0	0.0	0.0	0.0	0.0	0.0	0.01195
Prevotella_brunnea	0.0	0.0	0.0	0.0	0.0	0.0	0.0	0.0	0.0	0.0	0.0	0.0	0.0	0.0	0.0	0.0	0.0	0.0	0.0	0.0	0.0	0.0	0.0	0.0	0.0	0.0	0.0	0.0	0.0	0.0	0.0	0.0	0.0	0.0	0.0	0.0	0.0	0.0	0.0	0.0	0.0	0.0	0.0	0.0	0.0	0.0	0.0	0.0	0.0	0.0	0.0	0.0	0.0	0.0	0.0	0.0	0.0	0.0	0.0	0.0	0.0	0.0	0.0	0.0	0.0	0.0	0.0	0.0	0.0	0.0	0.0	0.0	0.0	0.0	0.0	0.0	0.0	0.0	0.0	0.0	0.0	0.0	0.0	0.0	0.0	0.0	0.0	0.0	0.0	0.0	0.0	0.0	0.0	0.0	0.0	0.0	0.0	0.0	0.0	0.0	0.0	0.0	0.0	0.0	0.0	0.0	0.0026	0.0	0.0	0.0	0.0	0.0	0.0	0.0	0.0	0.0	0.0	0.0	0.0	0.0	0.0	0.0	0.0
Prevotella_buccalis	0.0	0.0	0.0	0.0	0.0	0.0	0.0	0.0	0.0	0.0	0.0	0.0	0.0	0.0	0.0	0.0	0.0	0.0	0.0	0.0	0.0	0.0	0.0	0.0	0.0	0.0	0.0	0.00354	0.0	0.0	0.0	0.05038	0.00066	0.0	0.00137	0.0	0.00052	0.0	0.0	0.0	0.0	0.0	0.0	0.0	0.0	0.0	0.0	0.0	0.0	0.0	0.0	0.0	0.0	0.0	0.0	0.0	0.0	0.0	0.0	0.00614	0.0	0.0	0.0	0.0	0.0	0.0	0.0	0.0	0.0	0.0	0.0	0.0	0.0	0.0	0.0	0.0	0.0	0.0	0.0	0.0	0.0	0.0	0.0	0.0	0.0	0.0	0.0	0.0	0.0	0.0	0.0	0.0	0.00147	0.0	0.0	0.0	0.0	0.0	0.0	0.0	0.0	0.00042	0.0	0.0	0.0	0.0	0.0	0.0	0.0	0.04266	0.0	0.0	0.0	0.0	0.0	0.0	0.0	0.0	0.0	0.0	0.0	0.0	0.0
Prevotella_colorans	0.0	0.0	0.0	0.0	0.0	0.0	0.0	0.0	0.0	0.0	0.0	0.0	0.0	0.0	0.0	0.0	0.0	0.0	0.0	0.0	0.0	0.0	0.0	0.0	0.0	0.0	0.0	0.0	0.0	0.0	0.0	0.0	0.0	0.0	0.0	0.0	0.0	0.0	0.0	0.0	0.0	0.0	0.0	0.0	0.0	0.0	0.0	0.0	0.0217	0.0	0.0	0.0	0.0	0.0	0.0	0.0	0.0	0.0	0.0	0.00087	0.0	0.0	0.0	0.0	0.0	0.0	0.0	0.0	0.0	0.0	0.0	0.0	0.0	0.0	0.0	0.0	0.0	0.0	0.0	0.0	0.0	0.0	0.0	0.0	0.0	0.0	0.01583	0.0	0.0	0.0	0.0	0.0	0.0	0.0	0.0	0.0	0.0	0.0	0.0	0.0	0.0	0.0	0.0	0.0	0.0	0.0	0.0	0.0	0.0	0.0	0.0	0.0	0.0	0.0	0.0	0.0	0.0	0.0	0.0	0.0	0.0	0.0	0.0
Prevotella_copri_clade_A	13.83063	32.60793	42.06673	13.50249	7.20521	9.87599	34.09809	19.00157	11.24957	7.09724	4.0837	41.99555	11.94034	0.0531	2.51697	13.97207	18.80404	17.27922	20.20054	17.6597	0.0	3.48284	8.95363	0.0	20.00886	0.0	23.33621	2.49928	6.87281	26.05199	35.30521	0.82333	0.27121	0.08703	23.93306	0.0	0.0	0.65842	11.0621	11.68969	6.83131	34.11177	2.43834	40.69286	0.98194	12.98006	7.39613	0.0	0.0	14.5762	11.2469	6.47903	4.11704	44.35658	11.25639	0.1581	9.61205	31.91709	18.25594	0.16662	3.16047	19.11074	0.0	8.74957	14.54132	2.83064	2.30814	12.26048	0.02768	14.07069	3.62828	6.52434	4.46141	5.2169	3.61346	7.5183	0.57988	34.63773	0.0	0.23396	0.0	0.0	0.29702	83.38591	0.0	0.0	0.0	9.78702	0.0	0.0	11.79814	0.0	8.82318	9.821	39.95284	20.58408	0.24005	0.0573	1.34857	1.10983	2.71225	6.37579	8.59302	35.86527	22.88527	4.75723	2.51402	43.25745	15.00242	0.0	0.60593	20.31967	11.24769	14.21862	8.69945	12.18158	10.63231	17.15181	6.27076	0.0	0.0	0.24006	3.63207
Prevotella_copri_clade_B	1.03317	0.84791	2.27227	4.25651	2.94273	2.01774	1.39416	3.1224	4.6689	3.92079	2.66968	0.0	1.01388	0.0	0.02348	1.98083	0.95953	1.17446	0.07882	0.3951	0.0	1.51597	0.52225	10.94434	0.23255	0.0	1.25842	1.04587	5.5701	1.4587	0.83002	0.04333	0.01333	0.0	0.0	0.0	0.0	0.0	0.70128	1.64136	1.1453	0.73974	0.18394	2.21912	3.69787	4.97814	3.26383	0.0	0.0	6.75926	4.74799	3.42429	3.09978	0.0	0.96773	9e-05	2.11097	1.34488	3.35202	0.07691	0.15873	9.66999	0.0	0.0	3.79547	0.03929	0.96186	0.27696	0.00797	1.03068	2.45865	0.0	11.95887	4.13594	0.95814	4.51945	0.01778	0.0	0.0	0.24597	0.0	0.0	0.00826	0.0	0.0	0.0	0.0	5.37592	0.0	0.0	1.78219	0.0	3.69648	1.10076	0.56505	2.99192	0.16643	0.0	0.26285	0.2695	0.19785	0.34877	0.0	5.03436	6.69319	2.16774	1.294	5.6505	7.70166	44.52647	0.00593	1.29347	0.33658	1.27078	4.80267	0.4087	0.0	0.33093	7.75525	45.04032	12.68202	0.42442	1.44295
Prevotella_copri_clade_C	1.81595	0.0	8.15834	19.70811	3.09029	1.09276	3.03797	4.53623	2.55069	5.14331	0.25307	0.0	15.26766	0.07695	0.47267	0.0	2.90784	0.25332	3.83029	0.0	0.0	2.76654	0.0	0.0	0.0	0.0	0.0	0.79449	14.40911	13.2827	13.73858	0.08092	0.05424	0.05022	0.0	0.0	0.0	0.0	1.32692	11.73229	3.4895	0.0	0.27899	7.64356	2.8447	19.31272	3.48638	29.50306	0.0	27.79851	2.55115	4.70967	0.27469	0.0	15.53907	0.10213	1.17566	2.84806	4.68954	0.0152	1.87239	5.25429	0.0	0.0	8.51631	0.6031	0.34462	6.05945	0.01807	3.20829	11.26819	1.55252	8.24213	2.61223	0.0	1.72517	0.51296	0.0	0.0	0.11135	0.0	0.0	0.00564	0.0	0.0	0.0	0.0	6.98497	55.41121	0.0	14.92339	0.0	0.31546	8.46015	1.96105	13.62462	0.11227	0.0	0.17447	0.0	0.10349	2.86941	0.0	0.0	0.0	25.69679	5.32644	0.0	10.28512	0.0	0.01588	5.24058	26.82009	2.0408	6.2203	0.77578	6.47109	0.54646	11.28395	0.0	0.0	0.21183	6.58166
Prevotella_copri_clade_D	12.64184	4.34364	1.98943	5.82875	0.08919	0.98783	0.11171	3.48818	0.06729	0.27243	7.4883	0.0	2.19997	0.06046	4.55751	6.24323	1.54111	11.11458	0.0	17.46938	0.0	0.43605	0.0	38.02177	3.2895	0.0	5.59842	0.74311	3.21389	3.07091	1.10569	0.2453	0.46661	0.00355	0.0	0.0	0.0	0.0	8.74753	4.87283	4.26406	4.22125	0.43691	1.73723	0.0	5.57972	0.09474	0.0	0.0	5.75104	0.06464	0.20295	7.36727	0.0	2.05719	0.08349	0.9717	0.09648	3.28532	0.06635	0.20979	2.46475	0.0	0.0	3.12524	4.86172	0.03708	0.93628	0.01123	2.98778	5.35321	5.65597	10.52265	2.64944	0.0	1.34105	0.06025	0.0	0.0	0.17076	0.0	0.0	0.21504	0.0	0.0	0.0	0.0	1.28354	0.0	0.0	14.27995	0.0	2.39473	0.5235	1.77704	0.85411	0.75162	0.0	0.5533	0.98365	0.56066	0.28252	4.23295	6.59084	7.04673	3.4225	2.14264	0.0	1.88148	0.0	0.30092	3.29006	2.38185	13.94176	1.23929	1.9273	0.0	0.0	12.5338	0.0	0.0	0.08833	11.8262
Prevotella_copri_clade_E	7.37423	8.72545	0.0	13.69786	1.77798	1.06587	0.7849	9.4645	0.37497	2.3885	1.26996	10.97363	11.09635	0.01034	0.0076	0.0	14.19798	6.81443	0.0	0.0	0.0	0.79889	8.23607	0.0	0.49904	0.0	0.0	1.2113	2.93582	1.36806	3.79038	0.07461	0.45168	0.00605	0.0	0.0	0.0	0.0	4.80214	4.28702	0.52338	9.87567	0.06284	0.0	1.59337	13.03188	1.39196	0.0	0.0	14.39452	0.28985	1.71788	0.91834	8.97797	11.08948	0.0228	0.75335	0.59094	7.31363	0.02774	0.35553	2.09575	0.0	0.0	0.97154	0.00444	0.0	1.69113	5e-05	1.88937	1.20521	0.0	0.0	10.94463	0.0	9.8607	0.02158	0.0	0.0	0.00017	0.0	0.0	0.0	0.0	0.0	0.0	0.0	1.65668	0.0	0.0	0.0	0.0	14.2116	0.29996	2.8746	4.02768	0.30085	0.0	1.09685	3.14329	4.69107	3.019	0.0	0.0	15.47259	0.8321	0.15026	0.0	5.97345	0.0	0.02053	3.01182	4.75502	3.55965	1.66709	0.01569	0.0	0.0	2.46431	0.0	0.0	1.88543	0.1055
Prevotella_copri_clade_F	0.0	0.0	0.0	0.0	0.0554	0.0	0.0	0.0	0.0	0.0	0.0	0.0	0.45654	0.0	0.0	0.0	0.0	0.0	0.0	0.0	0.0	0.0	0.0	0.0	0.0	0.0	0.0	0.0	0.13927	0.0	0.0	0.0	0.0	0.0	0.0	0.0	0.0	0.0	0.0	0.0	0.15896	0.0	0.0	0.0	0.0	0.0	0.06461	0.0	0.0	0.0	0.0	0.0	0.0	0.0	0.37643	0.0	0.0	0.0	0.0	0.0	0.0	0.0	0.0	0.0	0.0	0.0	0.0	1.18818	0.0	0.0	0.0	0.0	0.97526	0.0	0.0	0.0	0.0	0.0	0.0	0.0	0.0	0.0	0.0	0.0	0.0	0.0	0.0	0.0	0.0	0.0	0.0	0.0	0.0	0.0	0.0	0.0	0.0	0.0	0.0	0.0	0.0	0.0	0.0	0.0	0.0	0.0	0.0	0.0	0.0	0.0	0.42344	0.0	0.0	0.0	0.0	0.0	0.0	0.0	0.0	0.0	0.0	0.0	0.0
Prevotella_copri_clade_G	0.47164	0.47856	0.0	0.0	0.54286	2.88928	1.64417	0.55234	0.89577	1.51224	0.0	0.0	1.26644	0.0	0.94403	0.0	0.28559	0.0	0.0	0.0	0.0	0.72619	1.93671	0.0	0.0	0.0	2.74966	0.0	5.34339	0.0	4.60866	0.07369	0.0	0.0	0.0	0.0	0.0	0.0	0.39715	2.96918	0.98233	0.43734	0.0	0.0	0.0	0.0	0.69287	0.0	0.0	0.0	0.93033	1.48751	0.0	0.0	1.25673	0.0	3.33282	1.71917	0.5373	0.0	0.11235	5.46123	0.0	0.0	2.0237	1.21967	0.34549	2.99832	0.00068	0.05611	8.65371	0.22845	0.0	0.22506	0.0	1.14915	0.16205	0.0	0.0	0.00764	0.0	0.0	0.00279	0.0	0.0	0.0	0.0	3.3905	0.0	0.0	0.01783	0.0	1.34341	2.67754	0.0	0.0	0.16227	0.0	0.13549	0.0	0.0	0.00865	0.0	0.0	0.0	4.10989	0.0	0.0	14.45043	0.0	0.20819	0.59154	6.11814	0.0	3.22551	0.45841	0.0	0.0	0.04956	0.0	11.23304	0.0	0.00864
Prevotella_copri_clade_H	2.28532	0.52071	1.2272	0.0	0.00601	1.42133	0.25873	1.07968	0.00224	0.39333	0.0	0.0	0.64359	0.0	0.77594	0.0	1.68015	5.18349	0.0	0.0	0.0	0.10169	1.38705	0.0	0.18664	0.0	0.0	0.0	2.68716	6.50782	0.0	0.00721	0.0067	0.00121	0.0	0.0	0.0	5.79246	1.59926	1.8305	0.44144	0.55781	0.19032	1.20879	0.0	0.0	0.00642	0.0	0.0	0.89666	0.00192	0.3425	0.0	0.0	0.66555	0.0	1.60512	0.26231	1.22459	0.04573	0.19644	0.0	0.0	0.0	0.01568	1.09958	0.0	3.6844	0.0	1.05472	0.05137	0.0	0.0	1.13333	0.0	1.64393	0.04891	0.0	0.0	0.04038	0.0	0.0	0.0	0.0	0.0	0.0	0.0	0.0	0.0	0.0	0.0	0.0	4.55337	6.33642	0.38102	5.53145	0.08481	0.0	0.0	1.39167	0.59128	0.38065	0.0	0.0	0.0	1.25232	0.01316	0.0	1.78994	0.0	0.02936	0.15229	0.16544	0.07363	0.0	0.0	0.0	0.0	2.59059	0.0	0.0	0.00147	3.39585
Prevotella_corporis	0.0	0.0	0.0	0.0	0.0	0.0	0.0	0.0	0.00581	0.0	0.0	0.0	0.0	0.0	0.0	0.0	0.0	0.0	0.0	0.0	0.0	0.0	0.0	0.00499	0.00337	0.0	0.0	0.0	0.0	0.0	0.0	0.20383	0.00486	0.0	0.0	0.0	0.0	0.0	0.0	0.0	0.0	0.0	0.00117	0.0	0.0	0.0	0.0	0.0	0.0	0.0	0.00411	0.0	0.0	0.0	0.0	0.0	0.0	0.0	0.0	0.04059	0.0	0.00331	0.0	0.0	0.0	0.0	0.0	0.0	0.0	0.0	0.0	0.0	0.0	0.0	0.0	0.0	0.0	0.0	0.0	0.0	0.0	0.0	0.0	0.0	0.0	0.0	0.0	0.0	0.0	0.0	0.0	0.0	0.0081	0.0	0.0	0.0	0.0	0.0	0.0	0.0	0.0	0.0081	0.0	0.0	0.0	0.0	0.00456	0.0	0.0	0.40059	0.0	0.0	0.0	0.0	0.0	0.0	0.0	0.00044	0.0	0.00665	0.0	0.0	0.0
Prevotella_disiens	0.0	0.0	0.0	0.0	0.0	0.00076	0.0	0.0	0.03141	0.0	0.0	0.0	0.0	0.0	0.0	0.0	0.0	0.0	0.0	0.0	0.00025	0.0	0.0	0.0	0.0	0.0	0.0	0.0	0.0	0.0	0.0	0.02029	0.0	0.0	0.06975	0.0	0.0029	0.0	0.0	0.0	0.0	0.0	0.0	0.0	0.0	0.0	0.0	0.0	0.0557	0.0	0.01249	0.0	0.0	0.0	0.0	0.0	0.0	0.0	0.0	0.06867	0.0	0.0	0.00073	0.0	0.0	0.0	0.0	0.0	0.0	0.0	0.0	0.0	0.00064	0.0	0.0	0.0	0.0	0.0	0.0	0.0	0.00039	0.0	0.00072	0.0	0.0	0.00045	0.0	0.0	0.0	0.0	0.04862	0.0	0.0	0.0	0.0	0.0	0.0	0.0	0.0	0.0	0.0	0.0	0.0	0.03193	0.0	0.0	0.01958	0.00434	0.0	0.0	0.00627	0.0	0.0	0.0	0.0	0.0	0.0	0.0	0.0	0.0	0.0	0.0	0.0
Prevotella_ihumii	0.0	0.0	0.0	0.0	0.0	0.0	0.0	0.0	0.0	0.0	0.0	0.0	0.0	0.0	0.0	0.0	0.0	0.0	0.0	0.0	0.0	0.0	0.0	0.0	0.0	0.0	0.0	0.0	0.0	0.0	0.0	0.0	0.0	0.0	0.0	0.0	0.0	0.0	0.0	0.0	0.0	0.0	0.0	0.0	0.0	0.0	0.0	0.0	0.0	0.0	0.0	0.0	0.0	0.0	0.0	0.0	0.0	0.0	0.0	0.0	0.0	0.02602	0.0	0.0	0.0	0.0	0.0	0.0	0.0	0.01375	0.0	0.0	0.0	0.0	0.0	0.0	0.0	0.0	0.0	0.0	0.0	0.0	0.0	0.0	0.0	0.0	0.0	0.0	0.0	0.0	0.0	0.0	0.0	0.0	0.0	0.0	0.0	0.0	0.0	0.0	0.0	0.00331	0.0	0.0	0.0	0.0	0.0	0.0	0.0	0.0	0.0	0.0	0.0	0.0	0.0	0.0	0.0	0.0	0.0	0.0	0.0	0.0	0.00102
Prevotella_melaninogenica	0.0	0.0	0.0	0.0	0.0	0.0	0.0	0.0	0.0	0.0	0.0	0.0	0.0	0.0	0.0	0.0	0.0	0.0	0.0	0.0	0.0	0.0	0.0	0.0	0.0	0.0	0.0	0.0	0.0	0.0	0.0	0.00254	0.0	0.0	0.0	0.0	0.0	0.0	0.0	0.0	0.0	0.0	0.0	0.0	0.0	0.0	0.0	0.0	0.0	0.0	0.0	0.0	0.0	0.0	0.0	0.0	0.0	0.0	0.0	0.0	0.0	0.0	0.0	0.0	0.0	0.0	0.0	0.0	0.0	0.0	0.0	0.0	0.0	0.0	0.0	0.0	0.0	0.0	0.0	0.0	0.0	0.0	0.0	0.0	0.0	0.0	0.0	0.0	0.0	0.0	0.0	0.0	0.0	0.0	0.0	0.0	0.0	0.0	0.0	0.0	0.0	0.0	0.0	0.0	0.0	0.0	0.0	0.0	0.0	0.0	0.0	0.0	0.0	0.0	0.0	0.0	0.0	0.0	0.0	0.0	0.0	0.0	0.0
Prevotella_pectinovora	0.27318	0.06594	0.0	0.0	0.68927	1.07826	1.1342	0.33521	0.3525	0.11287	0.0	0.0	0.3037	0.03089	0.00186	0.30078	0.0	0.32059	0.24923	0.0	0.0	0.18819	0.0	0.0	0.0	0.0	0.0	0.08976	0.07284	0.0	0.10675	0.09413	0.08808	0.0	0.0	0.0	0.0	0.0	0.3052	0.82087	1.07528	0.05232	0.0	0.0	0.07656	0.0	0.99849	0.0	0.0	0.26257	0.46507	0.15471	0.0	0.0	0.32496	0.04084	1.43051	1.32795	0.46765	0.05832	0.02939	0.13487	0.0	0.0	0.0	0.00357	0.48455	1.27602	0.01016	0.44305	0.72562	0.0	0.0	1.03171	1.44451	1.5399	0.17037	0.0	0.0	0.0	0.0	0.0	0.0974	0.0	0.0	0.0	0.0	0.0	0.0	0.0	0.0	0.0	0.85815	0.33925	0.39699	0.47306	1.27187	0.0	0.25504	0.37822	0.0	0.67449	0.0	0.0	0.0	0.14055	1.95611	0.21674	0.86856	0.0	0.64608	0.36722	0.03486	0.55391	0.00119	0.26221	2.03523	0.0	0.26593	0.0	1.403	0.00159	0.0
Prevotella_stercorea	0.0	0.0	0.0	0.0	0.0	0.11749	0.0	0.0	0.0	0.0	0.0	0.0	0.00038	0.0	0.0	0.0	0.11917	0.0	5.00477	0.0	0.0	0.0	0.0	0.0	0.0	0.0	0.0	0.0	0.0	0.0	0.0	0.0	0.0	0.0	0.0	0.0	0.0	0.0	0.0	0.0	0.41589	0.0	0.0	0.0	0.0	0.0	0.0	0.0	0.0	0.0	0.0	0.0	0.0	0.0	0.0021	0.0	0.14663	0.0	0.0	0.0	0.0	0.81589	0.0	0.0	0.0	0.0	0.0	0.84373	0.0	0.0	0.0	0.0	0.0	0.0	0.0	0.0	0.0	0.0	0.0	0.0	0.0	0.0	0.09011	0.0	0.0	0.0	0.0	0.0	0.0	0.0	0.0	0.0	0.0	0.0	0.0	0.0	0.76909	0.0	0.94499	0.0	0.31102	0.00753	0.0	0.0	0.0	0.0	0.0	0.0	0.0	0.0	0.0	0.0092	0.0	0.0	0.0	0.0	0.0	0.0	0.0	0.0	0.0	0.19112	0.0
Prevotella_timonensis	0.0	0.0	0.0	0.0	0.0	0.0	0.0	0.0	0.18585	0.0	0.0	0.0	0.0	0.0	0.0	0.0	0.0	0.0	0.0	0.0	0.0	0.0	0.0	0.0	0.0	0.0	0.0	0.0	0.0	0.0	0.0	0.0434	0.0	0.0	0.0	0.0	0.0	0.0	0.0	0.0	0.0	0.0	0.0	0.0	0.0	0.0	0.0	0.0	0.02587	0.0	0.10313	0.0	0.0	0.0	0.0	0.0	0.0	0.0	0.0	0.03121	0.0	0.00314	0.0	0.0	0.0	0.0	0.0	0.0	0.0	0.0	0.0	0.0	0.00257	0.0	0.0	0.0	0.0	0.0	0.0	0.0	0.0	0.00592	0.00571	0.0	0.0	0.00074	0.00056	0.0	0.0	0.0	0.0	0.0	0.0	0.0	0.0	0.0	0.0	0.0	0.0	0.0	0.0	0.0	0.0	0.0	0.0	0.0	0.0	0.0	0.0	0.00549	0.0	0.0	0.0	0.0	0.0	0.0	0.0	0.0	0.0	0.0	0.0	0.0	0.0
GGB1215_SGB1581	0.0	0.0	0.0	0.0	0.0	0.0	0.0	0.0	0.0	0.0	0.0	0.0	0.0	0.0	0.0	0.0	0.0	0.0	0.0	0.0	0.0	0.0	0.0	0.0	0.0	0.0	0.0	0.003	0.0	0.0	0.0	0.0	0.0	0.0	0.0	0.0	0.0	0.0	0.0	0.0	0.0	0.0	0.0	0.0	0.0	0.0	0.0	0.0	0.0	0.0	0.0	0.0	0.0	0.0	0.0	0.0	0.0	0.0	0.0	0.0	0.0	0.0	0.0	0.0	0.0	0.0	0.0	0.0	0.0	0.0	0.0	0.0	0.0	0.0	0.0	0.0	0.0	0.0	0.0	0.0	0.0	0.0	0.0	0.0	0.0	0.0	0.0	0.0	0.0	0.0	0.0	0.0	0.0	0.0	0.0	0.0	0.0	0.0	0.0	0.0	0.0	0.00333	0.0	0.0	0.0	0.0	0.0	0.0	0.0	0.00159	0.0	0.0	0.0	0.0	0.0	0.0	0.0	0.0	0.0	0.0	0.0	0.0	0.0
GGB1222_SGB1592	0.0	0.0	0.0	0.0	0.0	0.0	0.0	0.0	0.0	0.0	0.0	0.0	0.0	0.0	0.0	0.0	0.0	0.0	0.0	0.0	0.0	0.0	0.0	0.0	0.0	0.0	0.0	0.0	0.0	0.0	0.0	0.0	0.0	0.0	0.0	0.0	0.0	0.0	0.0	0.0	0.0	0.0	0.0	0.0	0.0	0.0	0.0	0.0	0.0	0.0	0.0	0.0	0.0	0.0	0.0	0.0	0.0	0.0	0.0	0.0	0.0	0.0	0.0	0.0	0.0	0.0	0.0	0.0	0.0	0.0	0.0	0.0	0.0	0.0	0.0	0.0	0.0	0.0	0.0	0.0	0.0	0.0	0.0	0.0	0.0	0.0	0.0	0.0	0.0	0.0	0.0	0.0	0.0	0.0	0.0	0.0	0.0	0.0	0.0	0.0	0.0	0.0	0.0	0.0	0.0	0.0	0.0	0.0	0.0	0.0	0.0	0.0	0.0	0.0	0.0	0.0	0.0	5.35246	0.0	0.0	0.0	0.0	0.0
GGB1227_SGB1600	0.0	0.0	0.0	0.0	0.0	0.0	0.0	0.0	0.0	0.0	0.0	0.0	0.0	0.0	0.0	0.0	0.0	0.00797	0.0	0.0	0.0	0.0	0.0	0.0	0.0	0.0	0.0	0.0	0.0	0.0	0.0	0.0	0.0	0.0	0.0	0.0	0.0	0.0	0.0	0.0	0.0	0.0	0.76677	0.0	0.0	0.0	0.0	0.0	0.0	0.0	0.0	0.0	0.0	0.0	0.0	0.0	0.0	0.0	0.0	0.0	0.0	0.0	0.0	0.0	0.0	0.0	0.0	0.0	0.0	0.0	0.0	0.0	0.0	0.0	0.0	0.0	0.0	0.0	0.0	0.0	0.0	0.0	0.0	0.0	0.0	0.0	0.0	0.0	0.0	0.0	0.0	0.0	0.0	0.0	0.0	0.0	0.0	0.0	0.0	0.0	0.0	0.0	0.0	0.0	0.0	0.0	0.0	0.0	0.0	0.0	0.0	0.0	0.0	0.0	0.0	0.0	0.0	0.0	0.0	0.0	0.0	0.0	0.0
GGB1239_SGB1657	0.17791	0.0	0.3599	2.41512	0.43717	1.27887	0.1646	1.65947	0.17813	0.1926	0.0	0.0	0.3899	0.0	0.04872	0.0	0.14928	0.0	6.51438	0.0	0.0	0.03781	0.0	0.0	0.77683	0.0	1.5334	0.10889	0.37212	0.0	0.0	0.1712	0.04546	0.0	0.0	0.0	0.0	0.0	0.07791	2.44888	0.31494	0.0	0.0	0.26316	0.7422	2.44175	0.40142	0.0	0.0	0.37186	0.12558	0.13347	0.0	0.0	0.3436	0.0	1.02635	0.11706	1.32885	0.0	0.0	1.47745	0.0	0.0	0.0	0.05629	0.03408	0.5087	0.00679	0.0	0.57998	0.0	0.0	0.0	0.0	1.34116	0.02297	0.0	0.0	0.0	0.0	0.0	0.05451	0.0	0.0	0.0	0.0	0.0	0.0	0.0	0.67274	0.0	1.00614	1.15247	0.76265	0.76337	0.04578	0.0	0.03968	0.19662	0.0	0.712	0.0	0.0	0.24816	0.10653	0.2587	0.0	1.02531	0.0	0.26849	0.78657	0.53254	0.0	0.0	1.41906	3.1599	0.0	0.54792	0.0	0.0	0.0	1.21026
GGB1243_SGB1663	0.0	0.0	0.41973	0.48522	0.6417	0.05218	0.17325	0.0	0.10248	0.0531	0.0	0.0	0.09231	0.0	0.01565	0.0	0.12338	0.0	0.0	0.0	0.0	0.04258	0.0	0.0	0.0	0.0	0.0	0.0221	0.53082	0.0	0.0	0.08885	0.0	0.0	0.0	0.0	0.0	0.0	0.0	0.0	0.24245	0.0	0.0	0.36725	0.39825	0.53025	0.73911	0.0	0.0	0.0	0.09512	0.05073	0.0	0.0	0.0959	0.0	0.05288	0.15649	0.0	0.03247	0.0	0.0	0.0	0.0	0.0	0.01751	0.19068	0.38861	0.01099	0.13864	0.11154	0.0	0.0	0.0	0.0	0.0	0.00064	0.0	0.0	0.0	0.0	0.0	0.00083	0.0	0.0	0.0	0.0	0.0	0.0	0.0	0.0	0.0	0.98315	0.68488	0.30597	0.0	0.01418	0.0	0.01309	0.0	0.0	0.10095	0.0	0.0	0.04512	0.0	0.1119	0.0	0.28273	0.0	0.04016	0.24369	0.10604	0.0	0.0	0.0	0.0	0.0	0.0	0.0	0.0	0.00659	1.49148
GGB1244_SGB1664	0.0	0.0	0.0	0.0	0.03768	0.01068	0.1021	0.15693	0.17246	0.0	0.0	0.0	0.05746	0.0	0.11214	0.2255	0.0	0.0	0.22467	0.0	0.0	0.10356	0.0	0.0	0.0	0.0	0.0	0.03221	0.10745	0.0	0.0	0.0	0.0	0.0	0.0	0.0	0.0	0.0	0.0	0.0	0.16605	0.0	0.0	0.0	0.0	0.0	0.05907	0.0	0.0	0.0	0.22837	0.0	0.0	0.0	0.05775	0.0	0.01465	0.12749	0.22885	0.0	0.0	0.0	0.0	0.0	0.0	0.15879	0.64088	0.48316	0.0	0.0	0.0	0.0	0.0	0.258	0.0	0.0	0.04645	0.0	0.0	0.0	0.0	0.0	0.07761	0.0	0.0	0.0	0.0	0.0	0.0	0.0	0.0	0.0	0.0	0.22806	0.0	0.0	0.11747	0.0	0.0	0.0	0.0	0.08101	0.0	0.0	0.09524	0.01926	0.0	0.0	0.0	0.0	0.0	0.08284	0.0	0.0	0.0	0.10123	0.0	0.0	0.0	0.0	0.0	0.0	0.0
GGB1246_SGB1667	0.0	0.0	0.0	0.0	0.62608	0.40881	0.50138	1.71589	0.07531	0.80661	0.0	0.0	0.18783	0.02568	0.01169	0.0	2.0216	0.63972	2.08561	0.0	0.0	0.0	0.13995	0.0	0.0	0.0	0.0	0.56388	0.97901	0.0	1.88799	0.08417	0.01668	0.0	0.0	0.0	0.0	0.0	0.0	0.1739	0.08673	0.0	0.0	0.0	0.0	0.0	0.69488	0.0	0.0	0.0	0.09139	0.94316	0.0	0.0	0.20349	0.05706	0.47944	0.59486	2.10851	0.0	0.0	1.00494	0.0	0.0	0.0	0.02027	0.35211	0.1362	0.0	0.0	0.34177	0.53718	0.0	0.0	0.0	0.0	0.01101	0.0	0.0	0.06586	0.0	0.0	0.19965	0.0	0.0	0.0	0.0	0.0	0.0	0.0	0.0	0.0	0.55634	0.38029	1.46868	0.0	0.18622	0.0	0.13814	0.34265	0.0	0.25847	0.0	0.0	1.01024	0.19728	0.27435	0.45503	2.50913	0.0	0.08366	0.95882	0.96153	0.0	0.00851	0.20098	0.0	0.0	0.0	0.0	0.0	0.0285	1.02792
GGB1247_SGB1668	1.71715	0.68254	1.5401	1.9926	0.53894	0.5501	3.71256	1.18043	1.19258	0.52827	0.0	0.0	2.52188	0.0	0.01442	0.0	0.0	1.01498	1.02751	0.0	0.0	0.62338	1.33246	0.0	0.76646	0.0	0.0	0.00677	1.62309	2.63075	0.0	0.07797	0.14701	0.0	0.0	0.0	0.0	0.0	1.87637	3.98135	2.04816	0.6386	0.02824	1.85181	0.0	2.08645	0.58613	0.0	0.0	2.05279	1.34173	0.60059	0.0	0.0	2.65945	0.0	0.63225	4.26474	1.43099	0.03379	0.0	0.91247	0.0	0.0	4.74133	0.03644	0.4051	1.78311	0.00221	2.34301	0.99661	1.37673	0.0	0.70121	0.0	2.54671	0.1209	0.0	0.0	0.0	0.0	0.0	0.00137	0.0	0.0	0.0	0.0	0.0	0.0	0.0	0.0	0.0	2.21225	0.85367	1.66838	2.00669	0.0	0.0	0.0	0.05437	0.0	0.15027	0.0	0.0	1.48373	0.17445	0.37169	4.65673	2.52725	0.0	0.00067	0.77706	0.12272	0.67491	0.0	0.20904	3.14093	0.0	1.42192	0.0	0.0	0.03117	0.69172
GGB1249_SGB1670	0.0	0.0	0.0	0.0	0.25352	0.06789	0.04202	0.06072	0.03247	0.06019	0.0	0.0	0.03069	0.0	0.0055	0.01371	0.0	0.03152	0.11233	0.0	0.0	0.0	0.05201	0.0	0.0	1.10085	0.0	0.17764	0.07456	0.0	0.0	0.0	0.0	0.0	0.0	0.0	0.0	0.0	0.0	0.08808	0.19035	0.0	0.08864	0.0	0.26379	0.0	0.31784	0.0	0.0	0.0	0.03981	0.08724	0.0	0.0	0.03316	0.0	0.08365	0.05107	0.08758	0.0	0.0	0.07319	0.0	0.0	0.0	0.00788	0.05478	0.04994	1.00094	0.0	0.37507	0.0	0.0	0.0	0.31428	0.0	0.00193	0.0	0.0	0.0	0.0	0.0	0.13536	0.0	0.0	0.0	0.0	0.0	0.0	0.0	0.0	0.0	0.0	0.05508	0.0	0.01651	1.15002	0.0	0.32462	0.04199	0.0	0.02258	0.0	0.0	0.03262	0.01131	0.72139	0.06227	0.13504	0.0	0.15548	0.09881	0.00101	0.0	0.0018	0.06787	0.0	0.0	0.0	0.0	0.09108	0.11633	0.42346
GGB1250_SGB1672	0.0	0.0	0.0	0.0	0.11839	0.07485	0.65243	3.69648	0.24384	0.33693	0.0	0.0	0.57531	0.0	0.00137	0.0	0.70031	0.58677	0.0	0.0	0.0	0.0	0.0	0.0	0.02548	0.0	0.0	0.06477	0.05043	0.0	0.0	0.01667	0.0	0.0	0.0	0.0	0.0	0.0	0.0	0.12186	0.2899	0.0	0.0	0.0	0.0	0.0	0.14665	0.0	0.0	0.92243	0.27979	0.38469	0.0	0.0	0.60076	0.0	0.08402	0.80641	4.88317	0.0	0.0	1.39903	0.0	0.0	0.0	0.00078	0.03829	0.31234	0.02591	0.0	0.72545	0.56242	0.0	0.0	0.0	0.0	0.05324	0.0	0.0	0.0	0.0	0.0	0.00903	0.0	0.0	0.0	0.0	0.0	0.0	0.0	0.32012	0.0	0.10858	0.0	6.44426	0.37744	0.40459	0.0	0.0973	0.0	0.0	0.00309	0.0	2.19137	0.0	0.24945	4.38771	0.0	0.64043	0.0	0.0	0.46455	0.77826	0.46277	0.00881	0.1402	4.33252	0.0	3.26397	0.0	3.37084	0.00981	0.09341
GGB1250_SGB1673	3.91042	2.58648	0.0	0.0	0.02254	0.0885	0.1346	1.12049	2.55644	0.6184	0.0	0.0	1.17275	0.0	0.10013	0.0	0.0	11.01192	13.70793	0.0	0.0	1.41831	2.70914	0.0	0.84237	0.0	0.0	1.71192	2.26379	0.0	0.0	0.68408	0.22363	0.0	0.0	0.0	0.0	0.0	3.27997	5.14153	5.31735	2.85429	0.3427	0.0	0.0	0.0	0.05154	0.0	0.0	0.0	2.86169	0.66368	0.0	0.0	1.16631	0.0	0.0776	0.15033	1.48629	0.0	0.0	1.55849	0.0	0.0	3.66662	0.15305	3.029	1.16896	0.24669	2.26816	5.62509	2.38258	0.0	1.02227	0.0	6.21092	0.35929	0.0	0.0	0.0	0.0	0.0	0.0	0.0	0.0	0.0	0.0	0.0	0.0	0.0	0.90363	0.0	2.20742	1.67826	0.0133	0.0	0.71986	0.0	0.11708	0.0	0.0	1.20104	0.0	2.74205	4.15711	2.39246	1.75144	0.0	0.67924	0.0	1.29638	3.5982	0.00614	0.0	0.0114	2.25294	1.98387	0.0	0.0	0.0	0.0	0.06208	2.76158
GGB1266_SGB1699	0.47748	0.59033	0.86724	0.0	2.47901	0.53243	0.12637	0.36368	0.90987	1.08511	0.0	3.46938	0.34612	0.11227	0.12032	1.52674	0.43506	0.1349	1.59141	1.18583	0.0	0.81419	0.54809	0.0	0.0	0.0	0.0	0.65732	0.63154	0.39333	0.83301	0.17636	1.01757	0.0	5.47483	0.0	0.0	0.08026	0.88339	1.15299	3.07397	0.6099	0.3326	1.19386	0.56741	0.0	4.2045	1.6572	0.0	0.44124	1.18569	1.64696	0.0	5.06298	0.3605	0.15005	0.63742	0.15555	0.45175	2.28306	0.17859	0.44579	0.0	0.0	0.0	0.16066	0.46558	0.54446	1.36201	1.48487	1.1911	0.0	3.50725	0.0	1.52966	1.40049	0.05642	0.0	0.0	0.0	0.0	0.0	0.30846	0.0	0.0	0.0	0.0	0.0	0.0	0.0	0.72698	0.0	0.1658	0.60289	0.55214	1.93717	7.04856	0.0	0.65201	0.97629	1.35855	0.29408	0.0	0.0	0.39774	0.19834	0.8678	0.72139	0.97282	0.0	0.47711	0.27611	2.20865	0.0	0.01644	0.17845	0.32939	0.0	0.75273	0.0	0.0	2.56344	7.39978
GGB1267_SGB1701	0.27679	3.05263	0.0	0.0	0.04791	1.05632	7.05814	0.0	0.06571	1.77996	0.0	0.0	0.0	0.0	1.29837	0.0	0.0	4.55692	0.0	0.0	0.0	0.0	0.0	0.0	0.0	0.0	0.0	0.31467	1.11889	0.0	0.0	0.0	0.0	0.0	0.0	0.0	0.0	0.0	0.2667	0.0	0.0	2.88143	0.0	0.0	0.0	0.0	0.0579	0.0	0.0	0.0	0.08236	2.35906	0.0	0.0	0.0	0.0	1.2938	8.18639	0.0	0.0	0.0	0.88402	0.0	0.0	0.0	2.37673	0.0	2.56654	0.0	0.0	0.0	1.95338	0.0	12.69992	0.0	0.0	0.02132	0.0	0.0	0.08321	0.0	0.0	0.0	0.0	0.0	0.0	0.0	0.0	0.0	0.0	0.0	0.0	0.0	0.0	0.0	0.0	0.00016	0.0	0.0	0.0	2.2813	0.0	0.0	0.0	0.0	0.0	0.0	0.0	0.0	0.0	0.0	0.95141	0.0	5.48565	0.0	0.27285	0.24824	0.0	0.0	0.0	0.0	0.0	0.0
GGB1270_SGB1705	0.0	0.0	0.0	0.0	0.69185	1.37908	1.64552	0.0	0.11807	0.0	0.0	0.0	0.02023	0.0	0.0	0.0	0.0	0.0	0.0	0.0	0.0	0.0	0.0	0.0	0.0	0.0	0.0	0.0	0.0	0.0	0.0	0.0	0.0	0.0	0.0	0.0	0.0	0.0	0.0	0.0	0.0	0.0	0.0	0.0	0.0	0.0	0.85633	0.0	0.0	0.0	0.15522	0.0	0.0	0.0	0.01762	0.0	1.68678	2.02736	0.0	0.0	0.0	0.0	0.0	0.0	0.0	0.0	0.0	7.19848	0.55392	0.0	0.0	0.0	0.0	0.0	0.0	0.0	0.13721	0.0	0.0	0.0	0.0	0.0	0.0	0.0	0.0	0.0	0.0	0.0	0.0	0.0	0.0	0.0	1.36794	0.0	0.0	0.0	0.0	15.40447	0.0	0.0	0.0	0.0	0.0	0.0	1.9224	0.0	0.0	0.0	0.0	0.0	0.0	0.0	0.0	0.0	0.00449	0.0	3.92416	0.0	0.0	0.0	0.0	0.0	0.0
GGB1277_SGB1714	0.0	0.0	0.0	0.0	0.0	0.0	0.0	0.0	0.0	0.0	0.0	0.0	0.0	0.0	0.0	0.0	0.0	0.0	0.0	0.0	0.0	0.0	0.0	0.0	0.0	0.0	0.0	0.0	0.0	0.0	0.0	0.0	0.0	0.0	0.0	1.94643	0.0	0.0	0.0	0.0	0.0	0.0	0.0	0.0	0.0	0.0	0.0	0.0	0.0	0.0	0.0	0.0	0.0	0.0	0.0	0.0	0.0	0.0	0.0	0.0	0.0	0.0	0.0	0.0	0.0	0.0	0.0	0.0	0.0	0.0	0.0	0.0	0.0	0.0	0.0	0.0	0.0	0.0	0.0	0.0	0.0	0.0	0.0	0.0	0.0	0.0	0.0	0.0	0.0	0.0	0.0	0.0	0.0	0.0	0.0	0.0	0.0	0.0	0.0	0.0	0.0	0.0	0.0	0.0	0.0	0.0	0.0	0.0	0.0	0.0	0.0	0.0	0.0	0.0	0.0	0.0	0.0	0.0	0.0	0.0	0.0	0.0	0.0
GGB12985_SGB20152	0.0	0.0	0.0	0.0	0.0	0.0	0.0	0.0	0.0	0.0	0.0	0.0	0.0	0.0	0.0	0.0	0.0	0.0	0.0	0.0	0.0	0.0	0.0	0.0	0.0	0.0	0.0	0.0	0.0	0.0	0.0	0.0	0.0	0.0	0.0	0.0	0.0	0.0	0.0	0.0	0.00887	0.0	0.0	0.0	0.0	0.0	0.0	0.0	0.0	0.0	0.0	0.0	0.0	0.0	0.0	0.0	0.0	0.0	0.0	0.0	0.0	0.0	0.0	0.0	0.0	0.0	0.0	0.0	0.0	0.0	0.0	0.0	0.0	0.0	0.0	0.0	0.0	0.0	0.0	0.0	0.0	0.0	0.0	0.0	0.0	0.0	0.0	0.0	0.0	0.0	0.0	0.0	0.0	0.0	0.0	0.0	0.0	0.0	0.0	0.0	0.0	0.0	0.0	0.0	0.0	0.0	0.0	0.0	0.0	0.0	0.0	0.0	0.0	0.0	0.0	0.0	0.0	0.0	0.0	0.0	0.0	0.0	0.0
GGB18559_SGB27424	0.0	0.0	0.0	0.0	0.0	0.58368	0.0	1.75969	0.0	0.0	0.0	0.0	0.03708	0.0	0.0	0.0	1.9634	0.0	0.0	0.0	0.0	0.0	0.0	0.0	0.0	0.0	10.72453	0.0	0.14618	0.0	0.0	0.0	0.0	0.0	0.0	0.0	0.0	0.0	0.0	0.0	0.0	0.0	0.0	0.0	0.0	0.0	0.0	0.0	0.0	0.0	0.0	0.0	0.0	0.0	0.03783	0.0	0.6895	0.0	2.10609	0.0	0.0	0.0	0.0	0.0	0.0	0.0	0.0	0.0	0.0	0.0	0.0	0.0	0.0	0.0	0.0	0.0	0.31886	0.0	0.0	0.0	0.0	0.0	0.0	0.0	0.0	0.0	0.0	0.0	0.0	0.0	0.0	0.0	0.0	0.0	0.0	0.0	0.0	0.0	0.0	0.0	0.0	0.0	0.0	0.0	0.0	0.0	0.0	0.0	0.0	0.0	0.0	0.0	0.0	0.0	0.0	0.0	0.0	0.0	0.0	0.0	0.0	0.0	0.0
Prevotella_SGB1675	0.0	0.0	0.0	0.0	0.19631	0.13495	0.26665	0.6495	0.10973	0.15254	0.0	0.0	0.28851	0.0	0.00176	0.0	0.22884	0.23636	0.92481	0.58354	0.0	0.0	0.06583	0.0	0.1507	0.0	0.0	0.03416	0.28049	0.0	1.34042	0.04279	0.0	0.0	0.0	0.0	0.0	0.0	0.0	1.42616	0.48754	0.0	0.0	0.0	0.0	0.0	0.27654	0.0	0.0	0.0	0.14205	0.21308	0.0	0.0	0.32872	0.0	0.17708	0.32833	0.87623	0.00669	0.08746	0.50385	0.0	0.0	0.0	0.00205	0.15427	0.55797	0.0	0.0	0.39236	0.38413	0.0	0.0	0.0	0.0	0.00378	0.0	0.0	0.0	0.0	0.0	0.00245	0.0	0.0	0.0	0.0	0.0	0.0	0.0	0.51693	0.0	0.06718	0.0932	0.21894	0.0	0.0	0.0	0.00236	0.0	0.0	0.00798	0.0	0.0	0.0	0.07358	0.0	0.0	0.34664	0.0	0.00787	0.26249	1.91951	0.0	0.0	0.12603	0.0	0.0	0.0	0.0	0.86937	0.0	0.41344
Prevotella_SGB1680	10.4266	4.57973	0.0	11.99448	0.0	3.58602	2.94156	2.01791	1.32708	2.18416	0.55842	0.0	7.67334	0.0	0.20483	13.27726	3.67376	0.9293	0.22938	4.94505	2.59959	0.83406	0.0	0.0	0.0	0.0	0.0	1.67194	3.66933	2.16846	5.88788	0.08059	0.38166	0.01134	0.0	0.0	0.0	1.65552	14.79116	10.13923	2.17401	4.48786	0.54527	0.0	2.25495	13.06585	0.0	0.0	0.0	2.83608	1.56206	3.0676	0.7053	0.0	8.07187	0.0	4.48262	3.44528	2.57757	0.28394	0.5962	2.16073	0.0	0.0	12.52615	0.29899	0.27455	3.11785	1.30747	0.17925	8.25946	0.0	0.0	2.11699	44.70813	7.27736	0.59778	0.0	0.0	0.0	0.0	0.0	0.0	0.0	0.0	15.46616	0.0	0.0	0.0	0.0	0.0	0.0	2.0152	1.02525	0.0	2.75128	1.46972	0.0	0.52644	0.0	0.0	0.04718	0.0	0.0	0.65698	2.11949	3.70306	0.0	6.03245	0.0	0.526	0.8601	0.0691	0.0	0.00062	0.02237	0.0	0.0	9.75834	0.0	5.30376	0.07789	3.81293
Prevotella_sp_885	2.13419	0.15894	6.00061	0.0	1.43532	1.73506	0.30815	4.73333	0.54297	2.71372	0.0	0.0	3.54212	0.07086	0.00544	0.0	0.0	6.45842	1.1674	9.73294	0.0	0.53339	0.25091	0.0	3.03437	0.0	0.0	0.0	0.30582	6.80076	0.0	0.23069	0.1315	0.0	0.0	0.0	0.0	1.54865	2.4141	0.8351	0.18225	0.21731	0.0	7.29133	0.0	0.0	2.1678	0.0	0.0	1.43336	0.66844	3.38308	0.0	0.0	3.74842	0.11668	2.1854	0.34664	6.27237	0.07949	0.12936	1.9048	0.0	0.0	0.0	0.00992	1.57308	3.4128	0.08699	3.54716	1.11697	3.91424	0.0	1.04431	0.0	0.0	1.20666	0.0	0.0	1.07276	0.0	0.0	0.01081	0.0	2.18905	0.0	0.0	3.77207	0.0	0.0	2.88429	0.0	1.2413	1.23523	4.00293	0.45431	0.0	0.0	0.11207	0.11246	0.0	0.49546	0.0	0.0	5.73786	2.18919	0.0	7.71096	0.78887	0.0	0.02784	3.89662	9.30452	2.27094	3.28809	1.2364	10.28461	0.0	5.6806	0.0	0.0	0.01965	0.02535
Prevotella_sp_DNF00663	0.0	0.0	0.0	0.0	0.0	0.0	0.0	0.0	0.0	0.0	0.0	0.0	0.0	0.0	0.0	0.0	0.0	0.0	0.0	0.0	0.0	0.0	0.0	0.0	0.0	0.0	0.0	0.0	0.0	0.0	0.0	0.0	0.0	0.0	0.0	0.0	0.0	0.0	0.0	0.0	0.0	0.0	0.0	0.0	0.0	0.0	0.0	0.0	0.0	0.0	0.0	0.0	0.0	0.0	0.0	0.0	0.0	0.0	0.0	0.0	0.0	0.0	0.0	0.0	0.0	0.0	0.0	0.0	0.0	0.0	0.0	0.0	0.0	0.0	0.0	0.0	0.0	0.0	0.0	0.0	0.0	0.0	0.0	0.0	0.0	0.0	0.0	0.0	0.0	0.0	0.0	0.0	0.0	0.0	0.0	0.0	0.0	0.0	0.0	0.0	0.0	0.0	0.0	0.0	0.0	0.0	0.00157	0.0	0.0	0.0	0.0	0.0	0.0	0.0	0.0	0.0	0.0	0.0	0.0	0.0	0.0	0.0	0.0
Prevotella_sp_Marseille_P4119	0.0	0.0	0.0	0.0	0.73483	0.14256	0.14419	0.0	0.02262	0.0	0.0	0.0	0.05204	0.0	0.0	0.0	0.0	0.0	0.0	0.0	0.0	0.0	0.0	0.0	0.25623	0.0	0.0	0.0	0.0	0.0	0.0	0.0	0.0	0.0	0.0	0.0	0.0	0.0	0.0	0.0	0.0755	0.0	0.0	0.0	0.69341	0.0	0.78479	0.0	0.0	0.41053	0.01705	0.0	0.0	0.0	0.04781	0.0	0.11998	0.11739	0.0	0.0	0.0	0.15016	0.0	0.0	0.1022	0.0	0.22643	0.18289	0.0	0.0	0.0	0.0	0.0	0.0	0.0	0.48665	0.0	0.0	0.0	0.2956	0.0	0.0	0.01475	0.0	0.0	0.0	0.0	0.0	0.0	0.0	0.02041	0.0	0.20585	0.0	0.0	0.0	0.0	0.0	0.0	0.0	0.0	0.0	0.0	0.0	0.0	0.0	0.19095	0.0	0.0	0.0	0.0	0.0	0.0	0.0	0.0	0.00539	0.0	0.0	0.0	0.0	0.0	0.0	0.38551
Prevotella_sp_P4_51	0.52017	0.96617	0.66583	0.26817	1.95464	0.0	1.47287	0.45898	1.47459	0.39534	0.0	0.0	0.60112	0.08754	0.00476	0.0	0.59639	0.15081	0.45226	0.29913	0.0	0.44605	0.8243	0.0	2.15811	0.0	0.0	0.40762	0.32655	0.31811	0.24868	0.87391	0.0	0.0	0.0	0.0	0.0	2.23178	0.72003	0.12389	2.49356	0.87075	0.0	0.96136	2.18964	0.27326	2.34581	0.0	0.0	0.0	1.93344	0.59558	0.0	0.0	0.68491	0.13818	0.0	1.90915	0.59319	0.26932	0.0	0.86523	0.0	0.0	0.37889	0.00788	2.13	1.25881	0.00699	0.28731	0.28627	0.0	1.44675	0.0	0.0	0.61055	0.02332	0.0	0.0	0.0	0.0	0.0	0.0	0.0	0.0	0.0	0.0	0.0	0.0	0.0	1.41721	0.0	0.03403	1.59021	0.66497	2.54275	0.65191	0.0	0.0	0.52145	0.20214	1.29941	0.0	0.0	0.33227	0.09302	1.82005	0.0	0.57814	0.0	0.0162	0.16443	0.13678	0.0	0.01502	0.08659	1.45546	0.0	0.5604	0.0	0.0	1.53227	1.33484
